,Global Equities — MSCI World Net TR (NDDUWI Index),Global Bonds — Bloomberg Global Agg TR (LEGATRUU Index),UK Gilts All Stocks — FTSE Actuaries UK Conventional Gilts All Stocks (FTFIBGT Index),UK Gilts Over 15 Years — FTSE Actuaries UK Conventional Gilts Over 15 Years (FTRFBGH Index),Securitised Credit — Bloomberg US Securitized TR (I05582GB Index),FTSE EPRA NAREIT Developed Total Return Index USD (RUGL),Infrastructure Equities — MSCI World Infrastructure Net Total Return USD Index (M1W0OINF),Commodities — Bloomberg Commodity TR (BCOMTR Index),UK CPI YoY — Bloomberg PX_LAST (UKRPCJYR Index),Cash (GBP) — SONIA / short rate proxy (SONIO/N Index),FTSE Actuaries Govt Securities UK Index Linked TR Over 5 Yr,Blackrock ICS Sterling Liquidity Fund,MSCI Emerging Markets Index,"Cash (GBP) - SONIA-based, spliced with Blackrock ICS proxy pre-2014",FTSE Actuaries UK Conventional Gilts up to 5 Years Index,Bloomberg US Treasury 20+ year Index
1999-12-31,0.067708,-0.003421,-0.008532,-0.0263669999999999,-0.014399,0.035982,0.058887,0.017401,0.011,-0.5000082,0.008428,0.004882,0.113686,0.004882,0.000261,-0.017676
2000-01-31,-0.056272,-0.017073,-0.008643,-0.014475,-0.0139809999999999,-0.040782,-0.024569,0.05428,0.008,1.1713835,-0.032489,0.004167,0.007084,0.004167,-0.001739,0.017391
2000-02-29,0.024085,-0.001896,0.017969,0.023151,0.038314,-0.018975,0.056582,0.039311,0.009,-0.0909325,0.012724,0.004527,0.034937,0.004527,-0.000784,0.035481
2000-03-31,0.061005,0.020011,0.011709,0.011753,0.00046,0.051883,0.025766,0.002144,0.006,-0.0478577,0.012718,0.005229,-0.002115,0.005229,0.005056000000000001,0.037442
2000-04-30,-0.020243,-0.024434,0.010394,0.0135719999999999,0.020167,0.023208,-0.064897,0.0105729999999999,0.006,0.0228406,0.003756,0.0046229999999999,-0.073467,0.0046229999999999,0.0039900000000000005,-0.009939
2000-05-31,0.012025,0.00463,0.0008719999999999,0.003407,0.0472039999999999,0.004483,-0.007367,0.108328,0.005,0.0219372,0.001587,0.0048249999999999,-0.004968,0.0048249999999999,-0.010971999999999999,-0.005019
2000-06-30,0.021685,0.025354,0.008306,-0.003128,0.00847,0.058749,-0.028756,0.011849,0.008,-0.1200642,0.019888,0.005135,0.02213,0.005135,0.004979,0.021707
2000-07-31,-0.017053,-0.009985,0.000814,-0.003497,0.017438,0.057476,-0.030807,-0.039133,0.009,0.1115189,-0.019981,0.004667,-0.0406379999999999,0.004667,0.001217,0.019799999999999998
2000-08-31,0.06922,-0.004417,-0.001797,-0.009686,0.044911,0.063329,0.003229,0.137521,0.006,-0.0258481,-0.009061,0.004966,0.040033,0.004966,-0.003125,0.024403
2000-09-30,-0.073209,0.002848,0.008789,0.004382,-0.0055569999999999,-0.019641,-0.0530949999999999,-0.02712,0.01,0.085344,0.001029,0.004996,-0.1065039999999999,0.004996,0.00627,-0.017138
2000-10-31,0.00259,-0.008133,0.0086629999999999,0.014119,0.025448,-0.032276,0.029939,-0.004854,0.01,-0.0312267,0.004339,0.004808,-0.054226,0.004808,-0.00199,0.016659999999999998
2000-11-30,-0.043213,0.017191,0.021959,0.035923,0.03985,0.034327,-0.07947,0.100694,0.011,0.0530931,0.020124,0.004821,-0.0704,0.004821,-0.009192,0.033873
2000-12-31,-0.032252,0.028797,0.0056479999999999,0.002675,-0.035166,0.036287,-0.044993,-0.017059,0.008,-0.3087146,-0.00182,0.005058,-0.0247,0.005058,0.007877,0.023382999999999998
2001-01-31,0.042712,0.004805,0.00505,-0.002085,0.038346,0.038415,0.056584,-0.0010199999999999,0.009,0.44837,-0.000558,0.004693,0.165095,0.004693,0.006078,-4.4999999999999996e-05
2001-02-28,-0.075121,0.0016439999999999,0.0024879999999999,-0.000315,0.019284,0.009112,-0.092576,0.006122,0.008,0.0009345,-0.012065,0.004298,-0.06908,0.004298,-0.002503,0.017566
2001-03-31,-0.048602,-0.0204789999999999,0.000407,-0.01816,0.020279,-0.046079,-0.02408,-0.024927,0.009,-0.0421256,-0.029966,0.004713,-0.08298,0.004713,0.005884,-0.007988
2001-04-30,0.0659759999999999,-0.001206,-0.015788,-0.03447,-0.005151,0.017416,0.05235,0.027724,0.012,-0.1439452,-0.030853,0.004171,0.0409999999999999,0.004171,-0.008,-0.031449
2001-05-31,-0.0054459999999999,0.001874,-0.003189,-0.010034,0.013766,0.016818,-0.050663,-0.013446,0.017,0.1397032,0.010545,0.004426,0.01944,0.004426,-0.019598,0.001709
2001-06-30,-0.026944,-0.007013,-0.0006219999999999,0.0011949999999999,0.012257,0.029994,-0.050902,-0.035392,0.017,-0.2027567,0.01595,0.0041789999999999,-0.0161359999999999,0.0041789999999999,-8.800000000000001e-05,0.010327999999999999
2001-07-31,-0.022438,0.022911,0.021966,0.036921,0.004867,-0.0270909999999999,0.003633,0.0037059999999999,0.0139999999999999,0.2513062,0.005897,0.004057,-0.072242,0.004057,0.010438000000000001,0.039476
2001-08-31,-0.0673909999999999,0.030102,0.014938,0.02329,-0.008329,0.003892,-0.089102,-0.0206449999999999,0.018,-0.2781003,0.017704,0.004336,-0.030154,0.004336,0.003939,0.024014999999999998
2001-09-30,-0.0984169999999999,0.007759,0.000427,-0.015802,0.002204,-0.113762,-0.025584,-0.077856,0.013,0.2152128,-0.02617,0.0036,-0.164098,0.0036,0.007586000000000001,0.0023580000000000003
2001-10-31,0.0286079999999999,0.009037,0.030283,0.058379,0.0249029999999999,-0.001274,-0.02479,-0.038574,0.012,-0.2596598,0.035884,0.003759,0.072023,0.003759,0.003029,0.059455
2001-11-30,0.082789,-0.0116219999999999,-0.004327,-0.00831,0.009859,0.073815,0.03405,0.030355,0.008,-0.0043123,-0.007185,0.003505,0.129706,0.003505,-0.022606,-0.05301
2001-12-31,-0.0140189999999999,-0.020899,-0.0204409999999999,-0.0355549999999999,-0.024061,-0.0007059999999999,-0.0161,-0.039383,0.011,0.2979946,-0.017446,0.003228,0.059678,0.003228,-0.0049440000000000005,-0.021572
2002-01-31,-0.00156,-0.0089839999999999,0.014468,0.022992,0.039365,0.019068,-0.043628,0.022816,0.016,-0.1525146,-0.003101,0.003124,0.063631,0.003124,0.00621,0.014031
2002-02-28,-0.010687,0.006721,-0.003366,-0.014292,0.0107559999999999,0.010396,-0.037442,0.023955,0.015,-0.041948,-0.000428,0.002933,0.013814,0.002933,-0.002381,0.011000000000000001
2002-03-31,0.036432,-0.005909,-0.017019,-0.033715,-0.017755,0.044154,0.023692,0.094133,0.015,-0.1848771,0.0031509999999999,0.003364,0.051677,0.003364,-0.004596,-0.046243
2002-04-30,-0.055525,0.0295949999999999,0.010655,0.012302,-0.003878,0.006234,-0.083597,-0.022219,0.0139999999999999,0.4895197,0.0014349999999999,0.003022,-0.016236,0.003022,0.005770999999999999,0.041043
2002-05-31,2.1e-05,0.02243,-1.3e-05,-0.006562,0.00332,0.028452,-0.0050729999999999,-0.0169969999999999,0.008,-0.1798806,0.013167,0.003683,-0.0182559999999999,0.003683,-0.022069000000000002,8.6e-05
2002-06-30,-0.10246,0.034816,0.022168,0.04229,-0.031551,-0.049551,-0.109976,-0.025772,0.006,-0.1706852999999999,0.018768,0.002704,-0.116323,0.002704,0.008124,0.017678
2002-07-31,-0.105626,0.008998,0.013789,0.010459,-0.01249,-0.072131,-0.0949,-0.028498,0.011,0.4517432999999999,-0.026226,0.003211,-0.0978009999999999,0.003211,0.01361,0.031671
2002-08-31,0.012452,0.016318,0.022858,0.043117,0.018673,-0.003047,0.024095,0.050551,0.01,-0.1029626,0.032635,0.003348,0.026185,0.003348,0.0006180000000000001,0.052224000000000007
2002-09-30,-0.1226849999999999,0.0110499999999999,0.018193,0.022707,-0.008258,-0.05381,-0.136634,0.022986,0.01,-0.2143221,0.006343,0.002998,-0.120515,0.002998,0.010153,0.044285
2002-10-31,0.077252,-0.002848,-0.008252,-0.018444,0.008326,-0.010065,0.114017,-0.007027,0.0139999999999999,0.0201038,-0.007934,0.003212,0.068854,0.003212,-0.0023599999999999997,-0.037287
2002-11-30,0.059656,0.002616,-0.006686,-0.014487,0.003924,0.04369,0.063736,0.015491,0.015,0.2829278,-0.012258,0.003155,0.075006,0.003155,-0.026894,-0.008132
2002-12-31,-0.080842,0.040533,0.023062,0.032121,-0.022168,-0.029186,-0.055124,0.006369,0.017,0.0865599,0.032275,0.003222,-0.06195,0.003222,0.012153,0.043323
2003-01-31,-0.050692,0.011238,0.011192,0.017361,-0.018375,-0.041699,-0.035609,0.054515,0.013,-0.1361733,0.012976,0.003284,-0.025855,0.003284,0.004091,-0.003128
2003-02-28,0.02591,0.0129319999999999,0.006831,-0.002434,0.051538,0.049387,-0.000544,0.079319,0.016,-0.1742699,0.011796,0.0028139999999999,0.011971,0.0028139999999999,0.0070869999999999995,0.031605
2003-03-31,-0.005762,0.002497,-0.0058779999999999,-0.012605,-0.003468,-0.00338,-0.003689,-0.077733,0.015,0.300125,-0.001645,0.0028239999999999,-0.031299,0.0028239999999999,-0.001143,-0.016694
2003-04-30,0.073996,0.012827,-0.000606,-0.005086,-0.006612,0.027745,0.0809859999999999,-0.019576,0.0139999999999999,-0.161883,-0.005123,0.002832,0.074011,0.002832,0.00035200000000000005,0.012779
2003-05-31,0.032675,0.035545,0.021085,0.036591,-0.02131,0.051069,0.0473979999999999,0.034164,0.013,0.0477943,0.029561,0.002992,0.047079,0.002992,-0.013819999999999999,0.06414500000000001
2003-06-30,0.008195,-0.010843,-0.0062,-0.018801,-0.005846,0.012134,-0.007146,-0.033339,0.011,-0.1640788,3.5000000000000004e-05,0.0027089999999999,0.047946,0.0027089999999999,0.0016070000000000001,-0.020469
2003-07-31,0.049136,-0.029137,-0.017408,-0.030295,0.005641,0.0684309999999999,-0.002533,0.034557,0.013,-0.0376979,-0.029061,0.002797,0.092369,0.002797,-0.007308,-0.103018
2003-08-31,0.041969,-0.002288,0.001595,0.014816,0.023092,0.0492279999999999,0.02133,0.060339,0.0139999999999999,0.1457503,0.002773,0.002756,0.088611,0.002756,-0.010504,0.02178
2003-09-30,-0.046337,0.0480619999999999,0.008526,0.009851,-0.0305609999999999,-0.0078,-0.034687,-0.05125,0.0139999999999999,0.0715312,0.0135769999999999,0.0026929999999999,-0.044369,0.0026929999999999,0.006351,0.054924999999999995
2003-10-31,0.038437,-0.005578,-0.021423,-0.027131,-0.024967,0.009785,0.011191,0.027178,0.0139999999999999,-0.1740811,-0.023424,0.003021,0.0634,0.003021,-0.012171000000000001,-0.030958
2003-11-30,-0.000334,0.013028,0.002307,0.000344,-0.011353,0.020339,0.0168019999999999,-0.011659,0.013,0.2614842,0.0006529999999999,0.002672,-0.0036959999999999,0.002672,-0.017888,0.0058460000000000005
2003-12-31,0.025836,0.032671,0.021751,0.031761,-0.029083,0.011762,0.042923,0.0295619999999999,0.013,-0.1862306,0.033471,0.003142,0.038772,0.003142,0.010780000000000001,0.01192
2004-01-31,-0.005916,0.003733,-0.001819,-0.002754,-0.010156,0.023201,-0.0004109999999999,-0.003876,0.0139999999999999,0.1466788,-0.0056489999999999,0.00307,0.0106729999999999,0.00307,-0.001931,0.02012
2004-02-29,-0.0066869999999999,0.005152,0.009892,0.00936,-0.010585,0.0112989999999999,-0.007429,0.04034,0.013,-0.0299841,0.009951,0.002878,0.0212,0.002878,0.000737,0.021695000000000002
2004-03-31,0.007074,0.0110769999999999,0.006068,0.0118039999999999,0.014702,0.062804,0.005011,0.045105,0.011,0.0087458,0.015723,0.0032029999999999,0.0258499999999999,0.0032029999999999,0.001749,0.015338000000000001
2004-04-30,0.01538,-0.036564,-0.010914,-0.022139,0.016947,-0.076612,0.016016,0.018226,0.011,0.0817145,-0.013485,0.003519,-0.0482709999999999,0.003519,-0.003124,-0.062465
2004-05-31,-0.021906,0.0049,-0.006306,-0.006724,-0.034983,0.018059,-0.041323,-0.015056,0.015,0.162154,-0.00258,0.003084,-0.0499139999999999,0.003084,-0.020371,-0.00413
2004-06-30,0.03026,0.002923,0.008892,0.0119849999999999,0.019114,0.034467,0.029834,-0.031583,0.016,0.0208841,0.00888,0.003428,0.0152059999999999,0.003428,0.006492,0.0097
2004-07-31,-0.033449,-0.000207,0.0048649999999999,0.008157,0.006209,0.00722,-0.001181,0.016826,0.0139999999999999,-0.1045009,-0.0069999999999999,0.0038069999999999,-0.018969,0.0038069999999999,0.000561,0.018334
2004-08-31,0.010909,0.021887,0.015742,0.022085,0.026996,0.062612,0.02412,-0.011859,0.013,0.0916121,0.0167159999999999,0.003683,0.04857,0.003683,-0.001495,0.041338
2004-09-30,0.014643,0.011817,0.008618,0.008987,-0.004318,0.006543,0.015199,0.063985,0.011,0.0023324,0.009027,0.0037619999999999,0.0534809999999999,0.0037619999999999,0.006363,0.010858000000000001
2004-10-31,0.0115179999999999,0.023954,0.0097729999999999,0.0129089999999999,-0.004526,0.031008,0.035473,0.004065,0.012,-0.0087908,0.005987,0.00392,0.011202,0.00392,0.004091,0.016967
2004-11-30,0.0113599999999999,0.026497,0.012516,0.019082,-0.044516,0.0283259999999999,0.015164,-0.050626,0.015,0.0373881,0.012883,0.003803,0.049906,0.003803,-0.009630999999999999,-0.024790999999999997
2004-12-31,0.034867,0.015322,0.007127,0.009126,0.002643,0.051406,0.037207,-0.05686,0.017,0.0061185,0.013287,0.004308,0.049003,0.004308,0.004208,0.027593999999999997
2005-01-31,-0.005329,-0.010524,-0.001929,-0.007094,0.023267,-0.028911,-0.003966,0.033351,0.016,-0.0322393,-0.008829,0.003542,0.018525,0.003542,-9.3e-05,0.035177
2005-02-28,0.0099519999999999,0.001904,-0.0027939999999999,-0.001488,-0.025314,-0.000129,-0.0066469999999999,0.0480989999999999,0.017,0.1363519,-0.0070799999999999,0.0035399999999999,0.063116,0.0035399999999999,-0.01164,-0.013165
2005-03-31,-0.001341,-0.012098,0.003944,-0.001087,0.016852,-0.006566,0.007334,0.054737,0.019,-0.0783274,0.003816,0.00393,-0.048656,0.00393,0.005559,-0.006769
2005-04-30,-0.032953,0.013087,0.015163,0.022605,0.000585,0.020797,-0.012652,-0.069093,0.019,0.0005959,0.011405,0.0040799999999999,-0.037717,0.0040799999999999,0.005528,0.039103
2005-05-31,0.066743,-0.013397,0.0164589999999999,0.0214509999999999,0.056443,0.067993,0.043709,0.039985,0.019,-0.0233484999999999,0.0092979999999999,0.00369,0.084689,0.00369,-0.006895,0.030594999999999997
2005-06-30,0.025935,-0.004485,0.0142189999999999,0.021349,0.020658,0.056488,0.039411,0.034255,0.02,0.0194071,0.020712,0.003804,0.0527479999999999,0.003804,0.007788000000000001,0.020327
2005-07-31,0.05441,-0.008007,-0.005957,-0.012311,0.0122879999999999,0.069172,0.0437209999999999,0.064496,0.023,-0.0470062,-0.015715,0.003908,0.090791,0.003908,-0.001676,-0.030004
2005-08-31,-0.017493,0.0164589999999999,0.013647,0.021472,-0.0117819999999999,-0.034489,-0.017073,0.048764,0.024,0.029716,0.019348,0.003809,-0.0160979999999999,0.003809,-0.003824,0.033429
2005-09-30,0.048115,-0.01592,-0.003107,-0.005429,0.010538,0.042939,0.032683,0.069111,0.025,-0.0764025,0.000957,0.0038669999999999,0.116892,0.0038669999999999,0.000749,-0.035790999999999996
2005-10-31,-0.026137,-0.014886,0.001056,0.002281,-0.007508,-0.03175,-0.03712,-0.064641,0.023,-0.0003869,0.00341,0.003468,-0.067068,0.003468,0.0007480000000000001,-0.021833
2005-11-30,0.054909,-0.007098,0.012277,0.0218529999999999,0.026417,0.057415,0.013202,0.02353,0.021,0.0744678,0.01137,0.003602,0.105474,0.003602,-0.011591,0.006853000000000001
2005-12-31,0.030421,0.0098719999999999,0.013956,0.02232,0.0175479999999999,0.04994,0.017353,0.040229,0.019,0.0091320999999999,0.021009,0.003974,0.070462,0.003974,0.0063360000000000005,0.028752
2006-01-31,0.0066979999999999,0.012614,0.007022,0.018389,-0.0313289999999999,0.027531,-0.006905,-0.01851,0.019,-0.0130807999999999,0.009381,0.0034739999999999,0.0700129999999999,0.0034739999999999,-0.001222,-0.012614
2006-02-28,0.015595,-0.003547,0.001252,8.6e-05,0.019227,0.040077,0.0294059999999999,-0.046565,0.02,-0.0095949,-0.007161,0.003332,0.015375,0.003332,-0.0074329999999999995,0.012242999999999999
2006-03-31,0.030451,-0.009913,-0.01422,-0.030354,0.001456,0.054055,0.0181729999999999,0.030706,0.018,0.0209439,-0.018906,0.003938,0.017621,0.003938,0.000474,-0.046585
2006-04-30,-0.01598,0.018929,-0.0128709999999999,-0.024522,-0.0455809999999999,-0.049542,-0.014869,0.019774,0.02,-0.0679389,-0.018363,0.003454,0.022914,0.003454,-0.00037900000000000005,-0.027934999999999998
2006-05-31,-0.060823,0.012898,0.00682,0.011238,-0.030458,-0.060593,-0.029537,-0.018305,0.022,0.0430708999999999,0.0103889999999999,0.0036049999999999,-0.129368,0.0036049999999999,-0.011848000000000001,0.001001
2006-06-30,0.013672,-0.007945,-0.005215,-0.013413,0.013634,0.050718,0.020929,-0.001785,0.025,0.0213603999999999,-0.002839,0.003891,0.011956,0.003891,0.002302,0.009503000000000001
2006-07-31,-0.005231,0.009962,0.01265,0.022949,0.004773,0.024083,0.0157479999999999,0.0203339999999999,0.024,0.0183286,0.021983,0.003531,0.002918,0.003531,0.00335,0.021006999999999998
2006-08-31,0.007619,0.011555,0.009959,0.018423,-0.004133,0.01919,0.008602,-0.0532669999999999,0.025,0.0134002,0.012349,0.003854,0.007579,0.003854,-0.007917,0.031832
2006-09-30,0.0283579999999999,-7.5e-05,0.004421,0.0070009999999999,0.02577,0.039118,0.042386,-0.044949,0.024,0.0055233,-0.001406,0.003938,0.024857,0.003938,0.0035570000000000003,0.019313
2006-10-31,0.016927,0.009673,0.0082399999999999,0.018896,-0.013709,0.036581,0.028468,0.0274549999999999,0.024,-0.0019603,0.018859,0.00383,0.027839,0.00383,0.002012,0.008458
2006-11-30,-0.006491,0.024354,0.000975,-0.004356,-0.019287,0.018681,0.005565,0.022797,0.027,0.0389557,-3e-05,0.003932,0.041802,0.003932,-0.010039,0.023912
2006-12-31,0.025962,-0.0132559999999999,-0.0116189999999999,-0.022023,0.001811,0.0330149999999999,0.038724,-0.040663,0.03,0.0242221,-0.018961,0.004312,0.053549,0.004312,-0.000193,-0.027524000000000003
2007-01-31,0.009021,-0.009828,-0.013464,-0.025487,6.2e-05,0.045209,0.010356,-0.0006529999999999,0.027,0.0235916,-0.023739,0.00411,-0.014286,0.00411,-0.005603,-0.010843
2007-02-28,-0.004849,0.020578,0.016795,0.025617,0.011591,0.007538,0.007187,0.034044,0.0279999999999999,-0.0011083,0.022277,0.003915,-0.005746,0.003915,-0.0039829999999999996,0.035364
2007-03-31,0.014633,0.0023639999999999,-0.010481,-0.022926,0.001725,0.002632,0.022527,0.006107,0.031,-0.0010343,-0.013811,0.004541,0.0358449999999999,0.004541,0.0010730000000000002,-0.017467
2007-04-30,0.027156,0.011303,-0.002859,-0.0089959999999999,-0.014575,-0.008787,0.020113,-0.004877,0.0279999999999999,-0.003539,-0.004699,0.004183,0.029316,0.004183,0.002533,0.008187999999999999
2007-05-31,0.039383,-0.015593,-0.009031,-0.015357,0.00468,0.019309,0.051603,0.012373,0.025,0.0482856,-0.016072,0.004539,0.061703,0.004539,-0.011661999999999999,-0.021528000000000002
2007-06-30,-0.021457,-0.004435,-0.0117029999999999,-0.0246079999999999,-0.018076,-0.085987,-0.032852,-0.0276259999999999,0.024,0.1635761,-0.00178,0.004635,0.032194,0.004635,0.0017699999999999999,-0.010399
2007-07-31,-0.036074,0.020308,0.025276,0.040699,-0.006452,-0.063125,-0.044534,0.006213,0.019,-0.1052224,0.0246729999999999,0.004582,0.038195,0.004582,0.0069689999999999995,0.031556
2007-08-31,0.008904,0.012313,0.015112,0.017271,0.019101,0.039099,0.03235,-0.026992,0.018,0.060027,0.017088,0.0051639999999999,-0.011266,0.0051639999999999,-0.0019500000000000001,0.018499
2007-09-30,0.035286,0.022444,-3.1e-05,-0.012252,-0.001749,0.047339,0.044629,0.067395,0.018,-0.0319062,0.0032069999999999,0.004559,0.097644,0.004559,0.008692,0.0030570000000000003
2007-10-31,0.011585,0.0162989999999999,0.008616,0.01249,-0.010577,0.006822,0.0364429999999999,0.0142009999999999,0.021,-0.020392,0.0065159999999999,0.005037,0.091058,0.005037,0.0038729999999999997,0.015445
2007-11-30,-0.031183,0.01911,0.017277,0.015424,0.026314,-0.067819,-0.000789,-0.021572,0.021,0.0123968999999999,0.029043,0.005199,-0.061261,0.005199,0.0012540000000000001,0.053585
2007-12-31,0.024687,-0.0029809999999999,0.017033,0.027426,0.036918,-0.015806,0.037357,0.086167,0.021,-0.0170071,0.020138,0.004692,0.043959,0.004692,0.007995,-0.005448
2008-01-31,-0.079252,0.0277789999999999,0.003899,-6e-05,0.015395,-0.0455009999999999,-0.076277,0.03904,0.022,-0.0457273999999999,0.012219,0.005139,-0.128035,0.005139,0.0036309999999999997,0.020354999999999998
2008-02-29,-0.004035,0.016727,0.002899,-0.002989,-0.00521,-0.0164589999999999,-0.030129,0.124819,0.025,-0.0395243,-0.001594,0.004717,0.074965,0.004717,-0.004951,-0.00169
2008-03-31,-0.010233,0.0204,0.007475,0.002368,0.00865,0.003265,-0.0141,-0.0640329999999999,0.025,0.0243695,0.019391,0.004366,-0.053273,0.004366,0.007656,0.016597999999999998
2008-04-30,0.054309,-0.019088,-0.015305,-0.0158,0.006067,0.064306,0.042566,0.037359,0.03,-0.0698583,-0.014267,0.004503,0.083056,0.004503,-0.008452,-0.023254999999999998
2008-05-31,0.0180719999999999,-0.0110579999999999,-0.014415,-0.014205,-0.00145,-0.021812,0.032548,0.0301969999999999,0.033,0.0035264,-0.001334,0.004788,0.0220889999999999,0.004788,-0.021262,-0.024441
2008-06-30,-0.085767,0.000852,-0.006783,-0.01052,-0.010105,-0.123542,-0.062911,0.083866,0.038,0.0439452,0.024836,0.004349,-0.105745,0.004349,9.8e-05,0.024264
2008-07-31,-0.019905,0.001377,0.024118,0.029519,0.002875,0.012861,-0.033478,-0.11445,0.044,-0.0621785,-0.00793,0.0046,-0.032607,0.0046,0.00998,-0.0062180000000000004
2008-08-31,0.07509,-0.016528,0.021029,0.0248059999999999,0.0966949999999999,0.067819,0.068,0.010981,0.047,0.0152847,0.045222,0.004581,0.00373,0.004581,-0.000388,0.031839
2008-09-30,-0.100524,-0.0235279999999999,0.000953,-0.013913,0.024536,-0.073613,-0.092451,-0.096791,0.052,0.0110427,-0.0517689999999999,0.004425,-0.157662,0.004425,0.012793,0.013711
2008-10-31,-0.1067549999999999,-0.036862,0.0031669999999999,-0.007203,0.079082,-0.204962,-0.0429929999999999,-0.132361,0.045,-0.156072,-0.079919,0.00479,-0.199212,0.00479,0.017895,-0.020222000000000004
2008-11-30,-0.017904,0.028915,0.04463,0.062496,0.072369,-0.10228,0.0663889999999999,-0.023001,0.0409999999999999,-0.3840925,-0.023999,0.003509,-0.0288609999999999,0.003509,0.007803,0.145234
2008-12-31,0.089087,0.062131,0.0519639999999999,0.079451,0.096549,0.157156,0.107014,0.007916,0.031,-0.4190098,0.103787,0.002875,0.140205,0.002875,0.019496,0.134365
2009-01-31,-0.080477,-0.032701,-0.0453439999999999,-0.094254,-0.003118,-0.1217699999999999,-0.076214,-0.046359,0.03,-0.1274312,-0.021964,0.002225,-0.058341,0.002225,0.002562,-0.13092700000000002
2009-02-28,-0.095164,-0.02234,0.013795,0.011969,0.0135,-0.158253,-0.076039,-0.036673,0.032,-0.3271955,-0.045786,0.00158,-0.0491739999999999,0.00158,-0.004289,-0.015338000000000001
2009-03-31,0.079019,0.023014,0.024915,0.041592,0.01202,0.074189,0.017352,0.03951,0.0289999999999999,-0.4429917,0.0399049999999999,0.001292,0.148202,0.001292,-0.0006419999999999999,0.041433
2009-04-30,0.076422,0.008995,-0.012793,-0.0228209999999999,-0.024237,0.16785,0.000576,-0.025057,0.023,-0.1943505,-0.006332,0.000993,0.1285089999999999,0.000993,0.0012839999999999998,-0.06832200000000001
2009-05-31,-0.002562,0.03569,-0.009821,-0.020651,-0.075297,0.030087,-0.0268129999999999,0.033508,0.022,0.0619753,0.013482,0.0008309999999999,0.0717619999999999,0.0008309999999999,-0.009618,-0.035489
2009-06-30,-0.023256,0.004137,0.009464,0.02806,-0.019212,-0.018824,-0.005282,-0.037498,0.018,-0.1371774,0.023579,0.000809,-0.031775,0.000809,-0.0051790000000000004,0.008257
2009-07-31,0.069625,0.022145,-0.0075829999999999,-0.016589,0.0070279999999999,0.084793,0.039853,0.017972,0.018,0.1258421,-0.015101,0.000841,0.0975019999999999,0.000841,0.001673,0.004481
2009-08-31,0.067599,0.017566,0.036726,0.072956,0.025755,0.10374,0.05517,0.019327,0.016,0.0416467,0.036267,0.000629,0.021859,0.000629,0.001207,0.023229000000000003
2009-09-30,0.0571929999999999,0.021371,0.001832,0.003558,0.028445,0.073829,0.053912,0.032667,0.011,-0.0342371,0.004235,0.000565,0.109158,0.000565,0.001205,0.024606
2009-10-31,-0.043063,0.004698,-0.002732,-0.0074529999999999,-0.0214259999999999,-0.036418,-0.056253,0.0062229999999999,0.015,0.0680466,0.026276,0.000511,-0.024411,0.000511,0.0006479999999999999,-0.024211
2009-11-30,0.043592,0.025464,0.008872,0.011462,0.016574,0.0214,0.048719,0.037889,0.019,0.0022277,0.014356,0.000425,0.045759,0.000425,-0.002221,0.010075
2009-12-31,0.033654,-0.037627,-0.026326,-0.046959,0.003475,0.052106,0.036563,0.035514,0.0289999999999999,-0.0144477,-0.028493,0.000496,0.057224,0.000496,-0.004079999999999999,-0.062203999999999995
2010-01-31,-0.033188,0.004131,0.007082,0.009834,0.02373,-0.049246,-0.048678,-0.064904,0.035,0.0552548,-0.004554,0.000407,-0.048154,0.000407,0.002328,0.025901999999999998
2010-02-28,0.065747,0.000744,-0.0037719999999999,-0.02246,0.055883,0.082814,0.041283,0.0899499999999999,0.03,0.0061978999999999,-0.009288,0.0003769999999999,0.054492,0.0003769999999999,-0.0030659999999999997,0.001057
2010-03-31,0.065076,-0.007558,0.008048,0.014745,0.005894,0.073495,0.039236,-0.009498,0.034,-0.0002123999999999,0.029878,0.000378,0.084099,0.000378,0.000746,-0.024706000000000002
2010-04-30,-0.005815,0.000161,0.0065439999999999,0.008447,-0.001416,0.019184,-0.0227309999999999,0.013372,0.037,0.0131719,0.0003239999999999,0.000399,0.006281,0.000399,0.002514,0.033361999999999996
2010-05-31,-0.048991,-0.015631,0.022717,0.033397,0.062771,-0.036439,-0.03137,-0.018423,0.034,0.01342,8.099999999999999e-05,0.000362,-0.039701,0.000362,0.002043,0.052071
2010-06-30,-0.062232,0.015317,0.015032,0.020735,-0.0172669999999999,-0.047731,-0.024516,-0.028463,0.032,0.0355887,0.012151,0.00043,-0.035716,0.00043,0.005562,0.055106
2010-07-31,0.030653,0.03398,-0.002354,-0.01284,-0.035518,0.0449629999999999,0.041447,0.017944,0.031,-0.0177821999999999,-0.0217419999999999,0.000369,0.0332229999999999,0.000369,-0.001567,-0.006264
2010-08-31,-0.014993,0.0139169999999999,0.044027,0.0841339999999999,0.022205,0.017647,0.028216,-0.002833,0.031,0.018511,0.05484,0.000491,0.003503,0.000491,-0.0027700000000000003,0.080806
2010-09-30,0.066207,0.023467,-0.005334,-0.011762,-0.02635,0.0596159999999999,0.028002,0.046075,0.031,0.0439385,0.004266,0.00043,0.0838059999999999,0.00043,-0.000185,-0.022449
2010-10-31,0.01856,0.012557,-0.013652,-0.034768,-0.004713,0.023071,0.021189,0.030885,0.032,-0.0197053999999999,-0.016758,0.000491,0.01056,0.000491,0.000185,-0.046475999999999996
2010-11-30,0.005725,-0.038067,-0.005979,-0.009604,0.024626,-0.014816,-0.031255,0.024278,0.033,0.0226386,-0.003508,0.000456,0.000845,0.000456,-0.004907,-0.012742999999999999
2010-12-31,0.072906,0.013059,-0.001267,0.009723,-0.0102449999999999,0.0624329999999999,0.0506179999999999,0.106251,0.037,0.0618321,0.028034,0.000511,0.072375,0.000511,-0.0053029999999999996,-0.036766
2011-01-31,-0.005599,0.0018,-0.018729,-0.03683,-0.0207419999999999,-0.014617,-0.003656,-0.017815,0.04,-0.0819554,-0.029135,0.000445,-0.054257,0.000445,-0.005519,-0.030768
2011-02-28,0.021191,0.005887,0.007056,0.015738,-0.012399,0.015293,0.0133309999999999,-0.0003509999999999,0.044,0.0054816,0.016611,0.000429,-0.023018,0.000429,-0.012603,0.014649
2011-03-31,0.001603,0.00471,0.0039369999999999,0.006562,0.01686,-0.0003599999999999,0.004386,0.032463,0.04,0.0506231,0.0072499999999999,0.000489,0.071198,0.000489,0.001048,0.0007620000000000001
2011-04-30,0.0031409999999999,0.0309949999999999,0.018665,0.030328,-0.027621,0.010579,-1.1e-05,-0.004414,0.045,0.0326168,0.020412,0.000502,-0.007562,0.000502,0.007517,0.019785
2011-05-31,-0.005253,-0.000785,0.011838,0.01398,0.023725,0.020996,-0.003155,-0.0355609999999999,0.045,-0.0276381999999999,0.0129489999999999,0.000482,-0.0106489999999999,0.000482,0.001889,0.037139000000000005
2011-06-30,0.006661,0.000758,-0.005802,-0.02109,0.025441,-0.002489,0.0181,-0.028753,0.042,0.3599114,0.007039,0.000493,0.007731,0.000493,0.003865,-0.022726000000000003
2011-07-31,-0.0400009999999999,0.020642,0.032028,0.048297,-0.0129089999999999,-0.015119,-0.042358,0.006686,0.044,-0.2451139999999999,0.034354,0.000477,-0.026059,0.000477,0.0069489999999999994,0.045557999999999994
2011-08-31,-0.061433,0.012719,0.015099,0.024394,0.018772,-0.0537539999999999,-0.02939,0.019791,0.045,0.0194175,-0.006351,0.000558,-0.080225,0.000558,-0.0083,0.09970000000000001
2011-09-30,-0.049762,-0.023107,0.03331,0.065414,0.0469529999999999,-0.088855,0.003254,-0.113185,0.052,0.1440917,0.044912,0.000529,-0.111415,0.000529,0.0035730000000000002,0.12370799999999998
2011-10-31,0.07053,0.013311,0.0113199999999999,0.028109,-0.034096,0.092756,0.018528,0.034388,0.05,-0.187606,-0.0025069999999999,0.000482,0.0982049999999999,0.000482,0.0029049999999999996,-0.044886
2011-11-30,0.001477,-0.017451,0.021052,0.045579,0.0282089999999999,-0.030636,0.014095,0.003761,0.048,0.0108159,0.068703,0.000509,-0.0412479999999999,0.000509,-0.00037400000000000004,0.031137
2011-12-31,0.0125259999999999,0.006743,0.016944,0.019337,0.019464,0.022633,0.0167189999999999,-0.024881,0.042,-0.1406045,0.025995,0.000434,0.00254,0.000434,0.0059819999999999995,0.03399
2012-01-31,0.034179,0.016737,0.004213,0.007445,-0.0101459999999999,0.061188,-0.029918,0.009113,0.036,0.1140236,0.003217,0.000417,0.09599,0.000417,-0.001115,-0.002855
2012-02-29,0.036476,-0.00068,-0.0133309999999999,-0.03177,-0.010618,0.022966,0.014873,0.014872,0.034,-0.0103922,-0.02186,0.000444,0.046862,0.000444,-0.011906000000000002,-0.023416000000000003
2012-03-31,0.009436,-0.007201,-0.008283,-0.020059,0.000557,0.0086439999999999,-4e-05,-0.044603,0.035,-0.0538934,-0.0031709999999999,0.000466,-0.036521,0.000466,-0.001318,-0.042183
2012-04-30,-0.0261549999999999,0.0118,0.004036,0.007006,-0.009798,0.008197,-0.015523,-0.019138,0.03,0.0020942,-0.004729,0.000498,-0.02648,0.000498,-0.0007539999999999999,0.04656
2012-05-31,-0.037843,-0.0102659999999999,0.0432209999999999,0.0749669999999999,0.057981,-0.0136569999999999,0.007379,-0.0431039999999999,0.0279999999999999,0.0321839,0.032677,0.000487,-0.064413,0.000487,0.005659999999999999,0.084589
2012-06-30,0.033129,0.0047799999999999,-0.009404,-0.014154,-0.017217,0.047133,0.04886,0.037036,0.024,-0.071472,-0.022629,0.00047,0.021493,0.00047,-0.001595,-0.01509
2012-07-31,0.013696,0.011568,0.020301,0.03034,0.009588,0.036977,0.012655,0.065569,0.026,-0.0071958,-0.000856,0.000423,0.021088,0.000423,0.00357,0.037713
2012-08-31,0.0127479999999999,0.008635,-0.001961,-0.005511,-0.011997,-0.0103279999999999,-0.009347,0.0005319999999999,0.025,-0.056007,0.004862,0.000392,-0.015267,0.000392,-0.010766,-0.013061
2012-09-30,0.009091,0.012191,-0.006729,-0.013023,-0.013732,-0.001922,0.00623,-0.0011409999999999,0.022,-0.0837599,-0.03766,0.000346,0.0415979999999999,0.000346,-0.0031230000000000003,-0.022947000000000002
2012-10-31,-0.0055879999999999,-0.001405,-0.006997,-0.008677,0.001063,0.0095599999999999,-0.018245,-0.037597,0.027,0.0380903999999999,0.004053,0.000338,-0.004779,0.000338,-0.002183,-0.0012640000000000001
2012-11-30,0.019249,-0.000105,0.0077529999999999,0.015464,0.00388,0.016526,-0.00558,0.006882,0.027,0.0584637999999999,0.032711,0.00032,0.019195,0.00032,-0.001237,0.013579
2012-12-31,0.005634,-0.003294,-0.004756,-0.009088,-0.012615,0.024975,-0.006971,-0.038664,0.027,-0.0120176,0.009676,0.00027,0.036785,0.00027,0.0,-0.021472
2013-01-31,0.075303,-0.009096,-0.019009,-0.035912,0.020346,0.055476,0.058796,0.0477109999999999,0.027,-0.0451462,0.043451,0.000259,0.036834,0.000259,-0.004572,-0.038782000000000004
2013-02-28,0.0471689999999999,-0.009475,0.008496,0.0104909999999999,0.047807,0.053005,0.035515,0.002717,0.0279999999999999,0.0629593,-0.00369,0.00024,0.031842,0.00024,-0.007751,0.012861000000000001
2013-03-31,0.022682,-0.00254,0.017888,0.031128,0.0009329999999999,0.02196,0.04239,0.006407,0.0279999999999999,-0.0313436,0.04615,0.000273,-0.017698,0.000273,0.0027,-0.002514
2013-04-30,0.008591,0.01391,0.011033,0.023384,-0.019013,0.0491669999999999,0.043904,-0.049866,0.024,0.031882,0.011495,0.000248,-0.014525,0.000248,0.000289,0.044778000000000005
2013-05-31,0.0245069999999999,-0.02973,-0.025241,-0.0451959999999999,0.011326,-0.054901,-0.033894,0.001151,0.027,-0.0306664,-0.036556,0.000283,-0.001738,0.000283,-0.006058,-0.06764
2013-06-30,-0.0253469999999999,-0.011837,-0.023405,-0.036952,-0.0102259999999999,-0.027464,-0.002257,-0.047836,0.0289999999999999,-0.0677926,-0.051794,0.000243,-0.063826,0.000243,-0.004353,-0.033011
2013-07-31,0.053201,0.012563,0.007525,0.00903,-0.0001409999999999,0.012577,0.03965,0.014159,0.0279999999999999,0.0969635,0.001768,0.00027,0.01149,0.00027,0.00136,-0.021044999999999998
2013-08-31,-0.040256,-0.005245,-0.0104669999999999,-0.010668,-0.02281,-0.061509,-0.045699,0.01398,0.027,-0.0744359,-0.003593,0.000261,-0.035858,0.000261,-0.016301,-0.007653999999999999
2013-09-30,0.0042049999999999,0.020558,0.00774,0.015097,-0.031686,0.0115019999999999,0.00738,-0.068054,0.027,0.0329228,0.004892,0.00025,0.01887,0.00025,0.0,0.001535
2013-10-31,0.047689,0.009827,0.006531,0.010763,0.014783,0.036913,0.05753,-0.006664,0.022,0.0180049,0.017292,0.0002529999999999,0.057439,0.0002529999999999,0.002071,0.014086000000000001
2013-11-30,-0.001574,-0.008186,-0.008886,-0.017355,-0.024779,-0.052721,-0.0252009999999999,-0.026859,0.021,0.000956,-0.00885,0.000254,-0.033346,0.000254,-0.001673,-0.026579000000000002
2013-12-31,0.008585,-0.005971,-0.011162,-0.011207,-0.015538,-0.010329,0.005445,-6.8e-05,0.02,-0.2700573,-0.0201469999999999,0.000244,-0.024996,0.000244,-0.004634,-0.019723
2014-01-31,-0.030778,0.0105729999999999,0.019743,0.031248,0.022951,0.003968,-0.015051,0.009497,0.019,0.3424926,0.016101,0.000278,-0.059433,0.0003413583797065,0.001387,0.059768999999999996
2014-02-28,0.0331749999999999,0.014011,0.0014199999999999,0.001955,-0.015839,0.024502,0.021634,0.045269,0.017,-0.0487328999999999,0.000523,0.00024,0.015989,0.0003247526513958,-0.011079,0.008544000000000001
2014-03-31,0.004269,-0.000679,0.000291,0.0010299999999999,0.002121,0.004284,0.02024,0.006941,0.016,-0.1439549,0.016464,0.000242,0.033701,0.0002780743162569,-0.0009,0.007940000000000001
2014-04-30,-0.001249,0.0113169999999999,0.0069679999999999,0.0128499999999999,-0.003892,0.019103,0.006082,0.012702,0.018,0.1921004999999999,0.00927,0.000252,-0.007677,0.0003313953065937,0.0014019999999999998,0.021936
2014-05-31,0.0259989999999999,0.0059219999999999,0.0091349999999999,0.015562,0.018361,0.038822,0.027235,-0.022723,0.015,0.0464357,0.01114,0.000271,0.04156,0.0003467545885962,0.001,0.03015
2014-06-30,-0.001931,0.007277,-0.005313,-0.0052829999999999,-0.016503,-0.006105,0.001389,-0.013624,0.019,-0.0868314,-0.0115009999999999,0.000252,0.006993,0.00031669778108,-0.003596,-0.0020050000000000003
2014-07-31,-0.003313,-0.009014,0.0101289999999999,0.022391,0.007121,0.016233,-0.004327,-0.037624,0.016,0.0625164,0.008884,0.000274,0.033235,0.0003364600051618,-0.001704,0.006619000000000001
2014-08-31,0.040585,0.005483,0.033275,0.063999,0.0257249999999999,0.033677,0.030007,0.007509,0.015,-0.0098888,0.058671,0.000273,0.041458,0.0003331389231848,-0.005422,0.043710000000000006
2014-09-30,-0.005247,-0.027906,-0.00614,-0.0146419999999999,0.022513,-0.040706,-0.001612,-0.041155,0.012,0.0054931,-0.010416,0.000277,-0.053057,0.0003349655332811,0.000101,-0.019668
2014-10-31,0.020628,0.000139,0.013304,0.017363,0.023021,0.081525,0.032289,0.005916,0.013,0.0496647999999999,0.018777,0.000307,0.0261589999999999,0.0003515693969815,0.006865,0.02931
2014-11-30,0.044264,-0.0036509999999999,0.030794,0.057162,0.028217,0.032652,0.036745,-0.017898,0.01,-0.0004730999999999,0.054006,0.000258,0.012922,0.0003514033733496,0.005214,0.02949
2014-12-31,-0.0134729999999999,-0.006885,0.017779,0.033795,0.005659,0.0072929999999999,-0.019502,-0.073771,0.005,-0.156213,0.016732,0.0002819999999999,-0.042583,0.0002965990142946,0.003291,0.031965
2015-01-31,0.018554,-0.001582,0.04568,0.089667,0.0476269999999999,0.088632,0.042959,0.0027,0.003,0.1767181,0.048241,0.000297,0.043495,0.0003489129824996,0.001889,0.09292600000000001
2015-02-28,0.029793,-0.008097,-0.0417769999999999,-0.075972,-0.0300919999999999,-0.0326189999999999,-0.020849,-0.00214,0.0,0.0588796,-0.055539,0.0002659999999999,0.002706,0.000369415170033,-0.017563,-0.057980000000000004
2015-03-31,0.023938,-0.009639,0.019954,0.033998,0.045071,0.038331,0.013009,-0.013208,0.0,-0.0506529,0.041326,0.000289,0.025606,0.0003507392757913,0.005959,0.012034
2015-04-30,-0.009319,0.0106349999999999,-0.021092,-0.037607,-0.033678,-0.0467,0.004346,0.023482,-0.001,0.0739862,-0.009232,0.000291,0.042667,0.0003766354877361,-0.003414,-0.034176000000000005
2015-05-31,0.007584,-0.017879,0.004126,0.005881,0.006937,-0.010036,-0.0032719999999999,-0.022967,0.001,-0.0050783999999999,0.001936,0.0003,-0.035864,0.0003747267238547,0.0008060000000000001,-0.017819
2015-06-30,-0.051452,-0.00438,-0.017346,-0.0321479999999999,-0.037138,-0.066539,-0.056171,-0.012096,0.0,-0.1240568,-0.0279349999999999,0.000297,-0.05327,0.0003283231388753,-0.0023150000000000002,-0.041425000000000003
2015-07-31,0.024465,0.002241,0.015965,0.031441,0.014072,0.041313,0.031067,-0.10047,0.001,0.1352926,0.030459,0.0003109999999999,-0.062811,0.0003726519350653,-0.000605,0.037332000000000004
2015-08-31,-0.049197,0.001164,0.0026119999999999,0.001673,0.015221,-0.041805,-0.030554,0.008826,0.0,0.0100424,-0.006632,0.000318,-0.073563,0.0003763865208061,-0.009692,0.000146
2015-09-30,-0.023264,0.005096,0.012306,0.017732,0.021678,0.026698,-0.028034,-0.020513,-0.001,-0.2227132,-0.002497,0.000316,-0.015993,0.0002926950195902,0.004486,0.015148
2015-10-31,0.057304,0.002112,-0.011027,-0.021012,-0.018756,0.0357699999999999,0.035968,-0.0247,-0.001,0.2740193,-0.010535,0.000309,0.0496319999999999,0.0003727349275257,-0.0009130000000000001,-0.0052190000000000005
2015-11-30,0.022225,-0.016556,0.0092179999999999,0.016947,0.024529,0.0050649999999999,-0.003966,-0.0471889999999999,0.001,0.0127175,0.009997,0.000315,-0.012673,0.0003774653725803,0.0007109999999999999,-0.008728
2015-12-31,0.002493,0.0053149999999999,-0.010132,-0.019863,0.020429,0.029951,0.012312,-0.011059,0.002,-0.2344128999999999,-0.033972,0.000337,-0.0011899999999999,0.000289123132934,-0.001421,8.099999999999999e-05
2016-01-31,-0.026046,0.008666,0.036172,0.0619529999999999,0.0526079999999999,-0.008145,0.0434989999999999,0.018517,0.003,0.2998561,0.053102,0.000297,-0.031313,0.0003756396159266,0.007218,0.052272
2016-02-29,0.014673,0.022268,0.013933,0.016712,0.0219,0.027329,0.029581,0.005653,0.003,0.0061988,-0.0007689999999999,0.000317,0.020488,0.0003779632998517,-0.005955,0.031251
2016-03-31,0.0321749999999999,0.027023,-0.001317,0.002261,-0.027037,0.059148,0.029363,0.003523,0.005,-0.0917492,0.010113,0.000344,0.094518,0.000343350863353,-0.001929,-0.000239
2016-04-30,-0.00029,0.013301,-0.0120449999999999,-0.0199659999999999,-0.017108,-0.016212,-0.012208,0.067909,0.003,0.1104651,-0.025512,0.000315,-0.0103119999999999,0.0003811997606666,-0.002747,-0.005325
2016-05-31,0.013307,-0.013415,0.017484,0.034285,0.007736,0.007958,0.00804,0.005744,0.003,-0.0091623,0.020461,0.0003769999999999,-0.029727,0.0003777143365568,0.002142,0.008548
2016-06-30,0.081727,0.029202,0.05627,0.102548,0.098239,0.134995,0.136715,0.139176,0.005,-0.0277410999999999,0.115756,0.000342,0.138809,0.000367257262676,0.011196999999999999,0.064237
2016-07-31,0.0454,0.007538,0.020249,0.0358449999999999,0.009292,0.05378,0.014137,-0.048246,0.006,0.0267209999999999,0.013711,0.00034,0.055998,0.0003770504311046,-0.000503,0.02427
2016-08-31,0.007457,-0.004857,0.026578,0.055625,0.01473,-0.019064,-0.027984,-0.0111169999999999,0.006,-0.5549184,0.102283,0.000269,0.031982,0.0001680113267537,-0.010172,-0.009439999999999999
2016-09-30,0.018566,0.005506,-0.022902,-0.04677,0.010725,0.00404,0.022091,0.044917,0.01,-0.1952428,-0.008444,0.000225,0.026554,0.0001352327046149,-0.00020400000000000003,-0.017379
2016-10-31,0.040153,-0.027755,-0.039009,-0.06496,0.060906,0.000712,0.027841,0.055499,0.009,0.2309112999999999,-0.006477,0.000184,0.063304,0.0001664309029347,-0.006614999999999999,-0.042941
2016-11-30,-0.0075349999999999,-0.0397319999999999,-0.012918,-0.025516,-0.039426,-0.0479739999999999,-0.060414,-0.008556,0.012,0.0125063,-0.05942,0.000193,-0.066601,0.0001685104022526,-0.000512,-0.077054
2016-12-31,0.036619,-0.004594,0.018009,0.031636,0.010859,0.043301,0.058212,0.030642,0.016,-0.2005929,0.037014,0.000185,0.015502,0.0001347334464207,0.003075,-0.005553
2017-01-31,0.005803,0.011274,-0.0174089999999999,-0.031431,-0.017792,-0.012258,-0.009474,-0.016569,0.018,0.2843016,-8.5e-05,0.000152,0.035842,0.0001730019584746,-0.005825,0.004037
2017-02-28,0.040407,0.004726,0.030792,0.05134,0.0156509999999999,0.044447,0.030512,0.014435,0.023,-0.0230990999999999,0.011789,0.000136,0.043277,0.0001690094750119,-0.005448,0.016081
2017-03-31,0.000579,0.001537,0.0033589999999999,0.007292,-0.004537,-0.0239869999999999,0.0029249999999999,-0.036316,0.023,-0.1428571,0.006676,0.000147,0.015339,0.0001448844908875,-0.00031,-0.005943
2017-04-30,-0.017165,0.0112719999999999,0.002376,0.002349,-0.027136,-0.020385,-0.034585,-0.046088,0.027,0.2114943,0.026179,0.000115,-0.010086,0.0001754971716176,0.001344,0.015685
2017-05-31,0.025908,0.015475,0.004526,0.008083,0.0084809999999999,0.014131,0.0440819999999999,-0.00869,0.0289999999999999,-0.009962,-0.019362,0.000106,0.034538,0.0001737505296075,-0.002065,0.020771
2017-06-30,-0.005259,-0.000878,-0.019642,-0.033296,-0.010065,-0.000306,-0.028533,-0.010976,0.026,-0.070436,-0.031718,0.000104,0.001613,0.0001615230959723,-0.0052759999999999994,0.004886
2017-07-31,0.009804,0.016813,0.002958,0.002179,-0.010194,0.004644,0.01948,0.008501,0.026,0.0484536,-0.0148449999999999,0.000104,0.045798,0.0001693421886632,-0.000208,-0.006901000000000001
2017-08-31,0.024397,0.009907,0.018862,0.034261,0.030789,0.0249889999999999,0.026357,0.02708,0.0289999999999999,0.0368732,0.05117,9.3e-05,0.046152,0.0001755803442098,-0.007906,0.035687
2017-09-30,-0.015797,-0.009008,-0.025817,-0.0401729999999999,-0.04216,-0.039598,-0.043297,-0.038837,0.03,-0.0559507,-0.04338,7.6e-05,-0.041021,0.0001657654531084,-0.008702999999999999,-0.022161
2017-10-31,0.028264,-0.003784,0.002787,0.00529,0.010293,0.004696,0.004795,0.030832,0.03,0.0527372999999999,0.009576,5.6e-05,0.044632,0.0001744990945775,0.000317,-0.0007059999999999999
2017-11-30,0.003819,0.011105,0.002717,0.005839,-0.020514,0.010366,0.007419,-0.022002,0.031,1.2056298,0.0056159999999999,0.000161,-0.015451,0.0003844361063083,-0.002432,0.008013
2017-12-31,0.012399,0.0034649999999999,0.014071,0.025056,0.003848,0.0130929999999999,-0.013681,0.028712,0.03,-0.1081549,0.021998,0.000202,0.035803,0.0003429357661934,0.0025440000000000003,0.018095
2018-01-31,0.003812,0.011917,-0.019958,-0.030472,-0.059672,-0.046292,-0.043627,-0.027596,0.03,0.1321853,-0.029373,0.000228,0.032834,0.0003881702081753,-0.008353000000000001,-0.032766
2018-02-28,-0.013682,-0.0088729999999999,0.002479,0.006431,0.025407,-0.039423,-0.028498,0.011149,0.027,-0.0119966,0.003562,0.000228,-0.018709,0.0003835233025315,-0.010768999999999999,-0.031185
2018-03-31,-0.039152,0.010644,0.020459,0.039881,-0.011755,0.006625,-0.009371,-0.022663,0.025,-0.0383781,0.026663,0.0002819999999999,-0.035723,0.0003688342000123,0.0006469999999999999,0.031349
2018-04-30,0.031258,-0.016017,-0.010041,-0.021653,0.013352,0.040221,0.043215,0.044625,0.024,0.0162345,-0.028884,0.000285,0.0152109999999999,0.0003748097144218,0.0012929999999999999,-0.019816
2018-05-31,0.041996,-0.007585,0.017501,0.028162,0.04232,0.0536289999999999,0.0046949999999999,0.050177,0.024,-0.0008874999999999,0.0243739999999999,0.0003509999999999,-0.0009229999999999,0.0003744777516991,0.0023669999999999997,0.021821
2018-06-30,0.007023,-0.004446,-0.005623,-0.009544,0.008225,0.023392,0.023998,-0.027719,0.024,-0.0230957,-0.007357,0.000356,-0.03367,0.0003658462955653,-0.001717,0.001928
2018-07-31,0.036497,-0.001669,-0.003549,-0.005954,0.005503,0.013964,0.032505,-0.016348,0.025,0.0236417,0.004122,0.000361,0.028072,0.0003744777516991,-0.00344,-0.015207
2018-08-31,0.025497,0.001049,0.001559,0.000747,0.015574,0.023336,0.006309,-0.004971,0.027,0.5638463,-0.007325,0.000503,-0.014164,0.0005849477577832,-0.008738000000000001,0.015998000000000002
2018-09-30,-0.0008309999999999,-0.00862,-0.015377,-0.027691,-0.009249,-0.026532,-0.002963,0.01269,0.024,-0.0110764,-0.012038,0.000453,-0.011286,0.0005784892058489,-0.002177,-0.030506000000000002
2018-10-31,-0.0525049999999999,-0.011171,0.009278,0.011877,0.014341,-0.014964,-0.003132,0.0005059999999999,0.024,0.0054566,0.030462,0.00052,-0.066123,0.0005816357371524,0.0035989999999999998,-0.032022
2018-11-30,0.0113599999999999,0.0031269999999999,-0.011772,-0.031691,0.010217,0.037723,0.035901,-0.005631,0.023,0.0,-0.0368929999999999,0.000552,0.041269,0.0005816357371524,-0.00043499999999999995,0.019122
2018-12-31,-0.075458,0.020218,0.021855,0.046659,0.0196469999999999,-0.053613,-0.0492849999999999,-0.068292,0.021,-0.0005713,0.0271119999999999,0.00052,-0.02508,0.0005813045284566,0.001087,0.055937
2019-01-31,0.046922,0.0152249999999999,0.010616,0.0210349999999999,-0.024033,0.0772959999999999,0.023777,0.0242499999999999,0.018,0.0051443,0.005653,0.000536,0.056395,0.0005842853633044,-0.0016289999999999998,0.006639000000000001
2019-02-28,0.018889,-0.005756,-0.008808,-0.016589,-0.011517,-0.01176,0.011514,-0.000841,0.019,0.0022747,-0.00895,0.000544,-0.008675,0.0005856101474384,-0.010768999999999999,-0.012633
2019-03-31,0.034422,0.012519,0.032043,0.055192,0.035677,0.058348,0.039298,0.019189,0.019,-0.0019858,0.06471,0.000555,0.0298669999999999,0.0005844509623764,0.005168000000000001,0.05375
2019-04-30,0.031569,-0.0029609999999999,-0.015202,-0.025363,-0.000829,-0.016466,-0.003506,-0.0079569999999999,0.021,0.0103752,-0.014843,0.000575,0.017412,0.0005904951221864,-0.001969,-0.018445
2019-05-31,-0.026808,0.013542,0.027124,0.044627,0.0481479999999999,0.030661,0.018808,-0.001964,0.02,-0.0043607,0.044702,0.000538,-0.041857,0.0005879284732466,0.002631,0.066952
2019-06-30,0.060269,0.022172,0.001587,0.001539,-0.002401,0.011693,0.038142,0.021436,0.02,-0.0025431,-0.00958,0.000496,0.05765,0.000586438127724,0.000328,0.013246
2019-07-31,0.044529,-0.002779,0.020616,0.031889,0.043392,0.043575,0.035899,0.03239,0.021,0.0029744999999999,0.038367,0.000538,0.027489,0.000588176861793,0.002623,0.001621
2019-08-31,-0.01659,0.020335,0.035275,0.0655579999999999,0.015432,0.023388,0.019787,-0.0193419999999999,0.017,0.0031069,0.050572,0.000546,-0.044709,0.0005899983570758,-0.008066,0.108171
2019-09-30,0.0109769999999999,-0.010172,0.005072,0.009452,-0.011591,0.014273,0.019083,0.0015379999999999,0.017,-0.0002816,-0.004565,0.000489,0.009136,0.0005898327681028,0.001099,-0.02564
2019-10-31,-0.025837,0.006659,-0.018162,-0.0308179999999999,-0.0443499999999999,-0.025971,-0.039863,-0.0308029999999999,0.015,0.0007041,-0.058966,0.000521,-0.009848,0.0005902467399703,-0.003293,-0.00895
2019-11-30,0.028248,-0.0075829999999999,-0.007902,-0.012861,0.000868,-0.011323,-0.010033,-0.025228,0.015,0.0023923,-0.019594,0.000523,-0.000921,0.0005916542302273,-0.003634,-0.004952
2019-12-31,0.004254,0.0058309999999999,-0.0132939999999999,-0.02352,-0.021277,-0.018859,0.006788,0.024199,0.013,-0.0035098,-0.019012,0.000523,0.048359,0.0005895843840781,-0.000111,-0.028906
2020-01-31,-0.00104,0.012765,0.035376,0.062779,0.013312,0.013866,0.025305,-0.068865,0.018,0.0026767999999999,0.04597,0.000545,-0.04172,0.000591157471447,0.001105,0.069948
2020-02-29,-0.053318,0.0067259999999999,0.012497,0.020623,0.0433319999999999,-0.0506299999999999,-0.038934,-0.018032,0.017,-0.0026696999999999,0.020198,0.000474,-0.020307,0.0005895843840781,-0.006183999999999999,0.068651
2020-03-31,-0.1069389999999999,-0.022406,0.014184,0.0252179999999999,0.037343,-0.203511,-0.108986,-0.102563,0.015,-0.8972950000000001,-0.046117,0.000373,-0.129003,6.072971135506755e-05,0.003111,0.062369
2020-04-30,0.093023,0.019633,0.0298559999999999,0.055494,-0.0102,0.055526,0.039396,-0.029783,0.008,-0.0864198,0.055547,0.0001919999999999,0.075817,5.548306583014195e-05,0.002215,0.020175000000000002
2020-05-31,0.070863,0.0043869999999999,0.000388,-0.003584,0.0223349999999999,0.024478,0.055303,0.065853,0.005,0.0195195,0.050137,0.000145,0.029587,5.65657317637136e-05,-0.000221,-0.019902
2020-06-30,0.02131,0.008884,-0.005553,-0.0125479999999999,0.001072,0.021852,-0.013351,0.0177,0.006,-0.1119293,0.005429,0.000107,0.068645,5.023611750409884e-05,0.001105,0.001308
2020-07-31,-0.009754,0.031893,0.004121,0.004844,-0.056153,-0.0280419999999999,-0.0066269999999999,-0.001028,0.01,0.0,0.007148,4.7e-05,0.030305,5.023611750409884e-05,-0.00033099999999999997,0.044219
2020-08-31,0.044566,-0.0015249999999999,-0.030638,-0.0556109999999999,-0.01926,0.004382,-0.019474,0.045366,0.002,-0.0961857,-0.049302,2e-06,0.001049,4.5405325910463645e-05,-0.009721,-0.04475
2020-09-30,0.000424,-0.003597,0.014753,0.027719,0.03497,0.004996,0.012367,0.0014449999999999,0.005,-0.066055,0.0177079999999999,8e-06,0.019784,4.240677442846064e-05,0.000446,0.003872
2020-10-31,-0.032997,0.000956,-0.005261,-0.0097,-0.0008799999999999,-0.035186,-0.003271,0.0116569999999999,0.0069999999999999,0.0746562,0.0075149999999999,9e-06,0.018312,4.55719092040674e-05,-0.00078,-0.03085
2020-11-30,0.093146,0.018182,-0.004528,-0.00679,-0.030296,0.0974,0.049252,0.003264,0.003,-0.0127970999999999,3.6e-05,8e-06,0.0589229999999999,4.498886634096699e-05,-0.003459,0.012747999999999999
2020-12-31,0.019641,0.013432,0.016241,0.028002,-0.020861,0.01375,-0.007185,0.026825,0.006,-0.2703704,0.00538,3e-06,0.051692,3.282740567267517e-05,0.002687,-0.011956
2021-01-31,-0.013912,-0.008807,-0.0169649999999999,-0.030636,-0.00386,-0.011781,-0.0126709999999999,0.022139,0.0069999999999999,0.3426396,-0.033953,0.0,0.0257249999999999,4.407264857286819e-05,-0.002233,-0.037481
2021-02-28,0.008046,-0.017213,-0.056561,-0.0970149999999999,-0.0246839999999999,0.020753,-0.035993,0.046458,0.004,-0.0321361,-0.055777,0.0,-0.009595,4.265665749625392e-05,-0.014438,-0.056974
2021-03-31,0.0441289999999999,-0.019237,0.000137,6.2e-05,0.00774,0.040555,0.07425,-0.011188,0.0069999999999999,-0.0898438,0.018793,5e-06,-0.004476,3.882504164898215e-05,0.000681,-0.051597
2021-04-30,0.04427,0.012633,0.005383,0.012044,0.002227,0.062571,0.030699,0.080557,0.015,0.0922747,0.011022,9e-06,0.02283,4.240677442846064e-05,-0.00022700000000000002,0.02384
2021-05-31,-0.012444,0.009392,0.004307,0.006503,-0.0270259999999999,-0.008568,-0.031526,0.000728,0.021,0.0137525,0.029272,8e-06,-0.003653,4.298983385120359e-05,-0.001135,0.005235
2021-06-30,0.044764,-0.008822,0.007227,0.013202,0.028748,0.038678,0.008541,0.0478139999999999,0.025,-0.0968992,-0.002504,5e-06,0.031661,3.882504164898215e-05,-0.000341,0.037716
2021-07-31,0.010662,0.0133099999999999,0.0276949999999999,0.054888,-2.6e-05,0.031338,0.0048909999999999,0.011132,0.02,0.0858369,0.0696,5e-06,-0.073444,4.215689067410544e-05,0.000796,0.037632
2021-08-31,0.035844,-0.0041589999999999,-0.00817,-0.014961,0.0086,0.024382,0.024264,0.0077,0.032,-0.0079051,0.004088,4e-06,0.0374069999999999,4.182371126648654e-05,-0.008292,-0.002149
2021-09-30,-0.0208,-0.017769,-0.036961,-0.064885,0.016725,-0.036676,-0.019923,0.072446,0.031,-0.0458167,-0.048294,4e-06,-0.018569,3.990790597607763e-05,-0.005383,-0.029639000000000002
2021-10-31,0.0402569999999999,-0.002417,0.021518,0.055118,-0.018342,0.0435879999999999,0.00169,0.009935,0.042,0.0501044,0.051452,4e-06,-0.005661,4.190700623274424e-05,-0.005873000000000001,0.023431999999999998
2021-11-30,0.0082469999999999,-0.0029249999999999,0.029939,0.0528709999999999,0.035112,0.008319,-0.007372,-0.044524,0.051,-0.0954274,0.0664609999999999,4e-06,-0.011122,3.790876175968627e-05,0.005676,0.028498000000000002
2021-12-31,0.021862,-0.001396,-0.026484,-0.049603,-0.0241489999999999,0.043129,0.038483,0.0145239999999999,0.054,3.189011,-0.0606839999999999,1e-06,-0.000668,0.0001586947479101,-0.003916,-0.016493
2022-01-31,-0.0460029999999999,-0.020494,-0.03845,-0.066195,-0.005396,-0.050356,-0.00041,0.095721,0.055,0.0435466999999999,-0.030897,4e-06,-0.011817,0.0001655990898907,-0.009019000000000001,-0.043004
2022-02-28,-0.021943,-0.011886,-0.01374,-0.029317,-0.009867,-0.020926,0.006352,0.065946,0.062,1.2378079,-0.005247,0.000111,-0.026728,0.0003701621260345,-0.005368,-0.016176
2022-03-31,0.047149,-0.030453,-0.02114,-0.032801,-0.0075439999999999,0.066195,0.056593,0.107308,0.07,0.5493148,-0.030139,0.000292,-0.00345,0.0005728582992119,-0.006922,-0.054866
2022-04-30,-0.042177,-0.0547879999999999,-0.028271,-0.05012,0.013019,-0.012234,0.01028,0.087856,0.09,0.0015951,-0.071727,0.000478,-0.013344,0.0005737692048013,-0.004961999999999999,-0.094209
2022-05-31,-0.0025729999999999,0.0027289999999999,-0.029706,-0.065369,0.00654,-0.045975,0.040074,0.01187,0.091,0.362386,-0.0897739999999999,0.000633,0.001272,0.0007808048153588,0.00095,-0.021987
2022-06-30,-0.0533929999999999,-0.032088,-0.018148,-0.033885,0.02181,-0.0523149999999999,-0.031519,-0.075285,0.094,0.2618491,-0.0521579999999999,0.000767,-0.03174,0.0009841553954932,-0.0043890000000000005,-0.014175
2022-07-31,0.080106,0.021259,0.026183,0.038827,0.028862,0.080648,0.028948,0.04331,0.1009999999999999,0.0029476,0.059221,0.000946,-0.001017,0.0009870406270895,0.0058379999999999994,0.024886
2022-08-31,0.003031,-0.0394609999999999,-0.076419,-0.120072,0.0109719999999999,-0.020649,0.014726,0.0477179999999999,0.099,0.4187589,-0.085357,0.0012929999999999,0.051529,0.0013972127170727,-0.030203,-0.044234
2022-09-30,-0.0526199999999999,-0.05138,-0.080418,-0.111403,-0.008483,-0.083946,-0.073094,-0.040216,0.1009999999999999,0.296224,-0.078315,0.001496,-0.077473,0.0018070155388281,-0.031143,-0.082295
2022-10-31,0.040223,-0.0068769999999999,0.031231,0.024257,-0.044307,-0.00017,0.020678,-0.0101489999999999,0.111,-0.0028766,-0.055194,0.00159,-0.059465,0.0018018686259173,0.024329,-0.062249
2022-11-30,0.026993,0.047061,0.028178,0.045714,0.004901,0.025327,0.021356,-0.01348,0.107,0.3404616,0.039816,0.002225,0.102784,0.0024072868555249,0.006276,0.072827
2022-12-31,-0.054735,0.005408,-0.040896,-0.083619,-0.013885,-0.038807,-0.02337,-0.036978,0.105,0.1711133,-0.060009,0.002731,-0.026118,0.0028129043266584,-0.004525,-0.01948
2023-01-31,0.0509499999999999,0.032829,0.0255759999999999,0.039069,0.008605,0.070011,0.014428,-0.023307,0.1009999999999999,-0.0003792,0.037954,0.002569,0.059073,0.0028118539488073,0.007984999999999999,0.069529
2023-02-28,-0.0058099999999999,-0.0332439999999999,-0.032614,-0.059714,-0.009207,-0.025861,-0.025471,-0.02919,0.104,0.1459336,-0.057122,0.002868,-0.047351,0.0032150358113363,-0.014015999999999999,-0.048792999999999996
2023-03-31,0.010195,0.031622,0.028554,0.052019,-0.002399,-0.050306,0.014558,-0.022102,0.1009999999999999,0.0638401,0.07056,0.003549,0.010065,0.0034164819917048,0.008282000000000001,0.047459
2023-04-30,-0.000839,0.004413,-0.016582,-0.034545,-0.010986,0.001018,0.006582,-0.025431,0.087,0.000359,-0.046196,0.00324,-0.028988,0.0034176859560133,-0.003065,0.004201
2023-05-31,0.005042,-0.019548,-0.034301,-0.065609,0.006834,-0.029611,-0.051697,-0.042041,0.087,0.0594851,-0.069655,0.003505,-0.001613,0.0036170037555205,-0.009592,-0.029125
2023-06-30,0.03304,-7.8e-05,-0.004099,0.016253,-0.0295129999999999,0.005101,0.005472,0.0134749999999999,0.079,0.1131036,0.0379899999999999,0.003918,0.012053,0.0040172085091947,-0.011547,0.001618
2023-07-31,0.022178,0.006925,0.007628,-0.000896,-0.0123889999999999,0.026658,-0.007043,0.050829,0.068,0.0003652,-0.008095,0.003754,0.051142,0.0040186437842024,0.008165,-0.024591
2023-08-31,-0.0088539999999999,-0.01368,-0.004392,-0.019142,0.007691,-0.018083,-0.0230019999999999,0.007619,0.067,0.0516794,-0.01536,0.0041849999999999,-0.046836,0.004221587568495,0.0016200000000000001,-0.031534
2023-09-30,-0.0073129999999999,-0.029213,-0.009455,-0.03763,0.00679,-0.024386,-0.00487,0.030237,0.067,0.0002893,-0.043299,0.0043619999999999,0.010804,0.00422278095766,0.007712,-0.078957
2023-10-31,-0.02438,-0.011953,-0.0035859999999999,-0.013269,-0.013907,-0.042996,0.0083819999999999,0.007443,0.046,-0.0001157,-0.01749,0.004286,-0.034212,0.0042223036038659,0.0030859999999999998,-0.05467399999999999
2023-11-30,0.052845,0.050426,0.0292729999999999,0.055551,0.006681,0.065406,0.032591,-0.059085,0.039,0.0003856,0.041676,0.004324,0.039748,0.0042238947734727,0.005907,0.09994600000000001
2023-12-31,0.03734,0.041561,0.0541329999999999,0.09815,0.034735,0.084178,0.012974,-0.037799,0.04,-0.0002313,0.07848,0.004607,0.027825,0.0042229400750366,0.018351,0.090473
2024-01-31,0.015581,-0.013798,-0.022033,-0.048954,-0.0027489999999999,-0.036497,0.001797,0.0075309999999999,0.04,0.0002314,-0.0570899999999999,0.00431,-0.0429929999999999,0.0042238947734727,-0.004805,-0.027194
2024-02-29,0.050659,-0.012567,-0.01109,-0.012904,-0.008932,0.002464,-0.000805,-0.006901,0.034,7.71e-05,0.005556,0.004138,0.056075,0.0042242130040661,-0.008209,-0.021741999999999997
2024-03-31,0.031971,0.0055049999999999,0.017271,0.027334,0.0117419999999999,0.0360959999999999,0.044058,0.032509,0.032,0.0005011,0.027646,0.0045379999999999,0.025209,0.0042262814758848,0.00779,0.010592999999999998
2024-04-30,-0.028445,-0.025237,-0.0290479999999999,-0.056896,-0.020514,-0.050705,-0.006835,0.036599,0.023,0.0016759,-0.046509,0.004081,0.0136359999999999,0.0042332025600513,-0.007367,-0.06605
2024-05-31,0.026352,0.013106,0.008209,0.012237,0.002676,0.016639,0.0426579999999999,-0.00027,0.02,3.85e-05,0.015382,0.004635,-0.0116999999999999,0.0042333616592649,0.001217,0.029296000000000003
2024-06-30,0.02745,0.0014349999999999,0.012479,0.018464,0.018763,0.012145,-0.012537,-0.008526,0.02,0.0,0.001688,0.003914,0.0472869999999999,0.0042333616592649,0.006684,0.017766999999999998
2024-07-31,0.002164,0.027614,0.017487,0.025452,0.009565,0.0447,0.040765,-0.054938,0.022,0.0,0.021099,0.004321,-0.011535,0.0042333616592649,0.007122000000000001,0.035908999999999996
2024-08-31,0.0043669999999999,0.02366,0.005243,0.008027,-0.007232,0.04031,0.029268,-0.021019,0.022,-0.0480769,-0.002456,0.004337,-0.005397,0.0040342708735832,-0.00012,0.022577
2024-09-30,-0.003189,0.017019,0.000336,-0.0070009999999999,-0.008553,0.009718,0.017808,0.026473,0.017,0.0,-0.005116,0.003896,0.044641,0.0040342708735832,0.004435,0.019149
2024-10-31,0.021473,-0.033519,-0.024842,-0.0444259999999999,0.01472,-0.0101669999999999,0.027519,0.022833,0.023,0.0,-0.024474,0.004138,-0.002886,0.0040342708735832,-0.0075190000000000005,-0.054150000000000004
2024-11-30,0.057066,0.0034089999999999,0.016176,0.025364,0.024623,0.035243,0.041999,0.014799,0.026,-0.0505051,0.000733,0.004032,-0.025515,0.0038347448817659,0.004449,0.018744
2024-12-31,-0.010112,-0.021453,-0.022096,-0.052336,-0.000911,-0.054036,-0.048086,0.026735,0.025,6.38e-05,-0.052179,0.003985,0.015497,0.0038349845745611,-0.000479,-0.059924
2025-01-31,0.040692,0.005691,0.008035,0.009346,0.01316,0.023105,0.0323979999999999,0.044964,0.03,0.0007234,0.01241,0.004081,0.0233659999999999,0.0038377010489087,0.003713,0.0029249999999999996
2025-02-28,-0.017922,0.0143,0.00765,0.010889,0.011165,0.011675,0.028782,-0.003097,0.0279999999999999,-0.0528308,-0.006851,0.0034389999999999,-0.005839,0.00363894539004,0.001193,0.056056
2025-03-31,-0.067987,0.006161,-0.010114,-0.028666,-0.024465,-0.045526,0.002436,0.013765,0.026,4.49e-05,-0.027677,0.003516,-0.0180509999999999,0.0036391055285593,0.0021449999999999998,-0.01246
2025-04-30,-0.0243719999999999,0.029387,0.017002,0.017999,-0.030503,-0.023315,-0.013912,-0.079469,0.035,0.0008529,8.5e-05,0.003609,-0.019945,0.0036421481070281,0.009515000000000001,-0.013588
2025-05-31,0.0502219999999999,-0.003552,-0.011947,-0.024944,-0.018059,0.01737,0.012309,-0.014185,0.034,-0.0556378,-0.025065,0.003739,0.034245,0.0034432865020073,-0.005302,-0.031567
2025-06-30,0.023909,0.01895,0.0145049999999999,0.0210869999999999,0.001114,-0.008128,-0.005619,0.005195,0.036,0.0014248,0.030488,0.0033339999999999,0.0417849999999999,0.0034481008490769,0.007343,0.026720999999999998
2025-07-31,0.050483,-0.014895,-0.002996,-0.011529,0.0315919999999999,0.025425,0.040377,0.032423,0.038,-2.37e-05,-0.007274,0.003542,0.058032,0.0034480206120413,-0.0010580000000000001,-0.010814999999999998
2025-08-31,0.004436,0.014536,-0.009431,-0.027105,-0.004916,0.0221479999999999,0.006376,-0.002241,0.038,-0.0594024,-0.032224,0.003426,-0.006748,0.0032468049798681,-0.003649,-0.00031099999999999997
2025-09-30,0.035904,0.006532,0.006305,0.014999,0.015199,0.014069,0.020496,0.025224,0.038,0.0001513,0.0185959999999999,0.00327,0.075732,0.0032472874642026,0.0021260000000000003,0.035982
2025-10-31,0.045425,-0.002539,0.027366,0.0546689999999999,0.033195,0.009556,0.0267919999999999,0.054564,0.036,0.0004537,0.043925,0.0035859999999999,0.067829,0.0032487349018919,0.006484,0.013982000000000001
2025-11-30,-0.00513,0.002323,0.001229,8.9e-05,-0.002187,0.012466,0.003535,0.023837,0.032,0.0001008,-0.0110759999999999,0.003025,-0.0315499999999999,0.0032490565515923,-0.000468,0.00267
2025-12-31,-0.008029,0.002611,0.002303,0.002599,-0.012836,-0.026054,-0.03445,-0.019143,0.034,-0.061371,0.006842,0.003395,0.0139009999999999,0.0030529615588696,0.0026950000000000003,-0.021168999999999997
2026-01-31,0.0032129999999999,0.009361,-0.001026,-0.008729,-0.015858,0.018646,0.023277,0.082955,0.03,-8.05e-05,0.00851,0.0032,0.068206,0.003052719802417,-0.00035099999999999997,-0.005217
2026-02-28,0.02596,0.011181,0.0234799999999999,0.043662,0.037357,0.090417,0.1115029999999999,0.0296899999999999,0.03,0.000349,0.043105,0.002847,0.074553,0.0030537674090826,0.004092,0.045656
2026-03-31,-0.046409,-0.030741,-0.0400699999999999,-0.0727609999999999,0.003083,-0.071709,-0.01241,0.135634,0.033,0.0007782,-0.042258,0.003037,-0.114243,0.003056104334429,-0.014785999999999999,-0.041531000000000005
2026-04-30,0.0667,0.012459,-0.004694,-0.0183,-0.0288019999999999,0.056688,-0.009854,0.014273,0.0279999999999999,8.04e-05,-0.01926,0.003044,0.116707,0.0030563460819086,0.0015359999999999998,-0.008404
2026-05-31,0.054139,0.00336,0.0184539999999999,0.033623,0.010965,0.0004089999999999,-0.017403,-0.027677,0.0279999999999999,8.04e-05,0.0133949999999999,0.0031609999999999,0.106135,0.0030565878287474,0.0024779999999999997,0.005405999999999999
2026-06-30,0.009008,-0.0070599999999999,0.006149,0.008043,0.017761,0.0267059999999999,-0.006239,-0.070441,,0.0004288999999999,-0.008436,0.0030759999999999,0.002374,0.0030578771343969,0.0041199999999999995,0.011869000000000001
