,L&G Stocks Gilt Index Trust Fund,L&G Short Dated Sterling Corporate Bond Index Fund,abrdn Global Inflation-Linked Bond Tracker Fund,abrdn Short Dated Global Inflation-Linked Bond Tracker,Vanguard Global Bond Fund,Vanguard Global Short-Term Bond Index Fund,iShares Environment & Low Carbon Tilt Real Estate Index Fund,abrdn Global Infrastructure Equity Tracker Fund,Vanguard FTSE U.K. All Share Index Fund,HSBC FTSE All-World Index Fund,Fidelity Index World Fund,L&G S&P 500 US Equal Weight Index Fund,HSBC European Index Fund,iShares Japan Equity Index Fund,UBS MSCI World Minimum Volatility Index Equity Fund,Vanguard Emerging Markets Stock Index Fund,L&G L AA All Stocks Gilt Index Fund,BLK Aquila Life MSCI World Fund,HSBC S&P 500 Equal Weight Equity fund,BLK Aquila Life European Equity Index Fund,BLK Aquila Life Japanese Equity Fund,BLK AQC Emerging Markets Fund,Royal London Short Term Fixed Income Fund,Vanguard U.K. Short-Term Gilt Index Fund,Fidelity Index Global Government Bond Fund,iShares Over 15 Years Gilts Index (UK) Fund,iShares $ Treasury Bond 20+yr ETF,iShares Corporate Bond Index Fund,Artemis Short-Duration Strategic Bond Fund,Dimensional Global Value Fund,GMO Quality Fund,Vanguard Global Small-Cap Index Fund,Man Global Resources Equity Fund,Xtrackers MSCI World Energy UCITS ETF,Invesco MSCI World Equal Weight UCITS ETF,Pacific North of South Global Emerging Markets Equity Fund,Invesco Bloomberg Commodity UCITS ETF,Neuberger Berman Commodities Fund,WisdomTree Physical Gold - GBP Daily Hedged - ETC,iShares Physical Gold ETC
1999-12-31,,,,,,,,,,,,,0.099053,0.099053,,,,,,,,,,,,,,,,,,,,,,,,,,
2000-01-31,,,,,,,,,,,,,-0.068182,-0.068182,,,,,,,,,,,,,,,,,,,,,,,,,,
2000-04-30,,,,,,,,,,,,,0.058032,0.058032,,,,,,,,,,,,,,,,,,,,,,,,,,
2000-05-31,,,,,,,,,,,,,0.069422,0.069422,,,,,,,,,,,,,,,,,,,,,,,,,,
2000-06-30,,,,,,,,,,,,,0.0121409999999999,0.0121409999999999,,,,,,,,,,,,,,,,,,,,,,,,,,
2000-07-31,,,,,,,,,,,,,-0.014443,-0.014443,,,,,,,,,,,,,,,,,,,,,,,,,,
2000-08-31,,,,,,,,,,,,,0.019871,0.019871,,,,,,,,,,,,,,,,,,,,,,,,,,
2000-10-31,,,,,,,,,,,,,-0.085485,-0.085485,,,,,,,,,,,,,,,,,,,,,,,,,,
2000-11-30,,,,,,,,,,,,,0.015446,0.015446,,,,,,,,,,,,,,,,,,,,,,,,,,
2000-12-31,,,,,,,,,,,,,0.015998,0.015998,,,,,,,,,,,,,,,,,,,,,,,,,,
2001-01-31,,,,,,,,,,,,,0.0216829999999999,0.0216829999999999,,,,,,,,,,,,,,,,,,,,,,,,,,
2001-04-30,,,,,,,,,,,,,-0.0859019999999999,-0.0859019999999999,,,,,,,,,,,,,,,,,,,,,,,,,,
2001-05-31,,,,,,,,,,,,,-0.039801,-0.039801,,,,,,,,,,,,,,,,,,,,,,,,,,
2001-06-30,,,,,,,,,,,,,-0.036269,-0.036269,,,,,,,,,,,,,,,,,,,,,,,,,,
2001-07-31,,,,,,,,,,,,,-0.0143369999999999,-0.0143369999999999,,,,,,,,,,,,,,,,,,,,,,,,,,
2001-08-31,,,,,,,,,,,,,-0.035455,-0.035455,,,,,,,,,,,,,,,,,,,,,,,,,,
2001-10-31,,,,,,,,,,,,,-0.1011619999999999,-0.1011619999999999,,,,,,,,,,,,,,,,,,,,,,,,,,
2001-11-30,,,,,,,,,,,,,0.075149,0.075149,,,,,,,,,,,,,,,,,,,,,,,,,,
2001-12-31,,,,,,,,,,,,,0.0,0.0,,,,,,,,,,,,,,,,,,,,,,,,,,
2002-01-31,,,,,,,,,,,,,-0.026008,-0.026008,,,,,,,,,,,,,,,,,,,,,,,,,,
2002-04-30,,,,,,,,,,,,,-0.000334,-0.000334,,,,,,,,,,,,,,,,,,,,,,,,,,
2002-05-31,,,,,,,,,,,,,0.012354,0.012354,,,,,,,,,,,,,,,,,,,,,,,,,,
2002-06-30,,,,,,,,,,,,,-0.086082,-0.086082,,,,,,,,,,,,,,,,,,,,,,,,,,
2002-07-31,,,,,,,,,,,,,-0.123782,-0.123782,,,,,,,,,,,,,,,,,,,,,,,,,,
2002-08-31,,,,,,,,,,,,,-0.010708,-0.010708,,,,,,,,,,,,,,,,,,,,,,,,,,
2002-10-31,,,,,,,,,,,,,-0.076603,-0.076603,,,,,,,,,,,,,,,,,,,,,,,,,,
2002-11-30,,,,,,,,,,,,,0.0789,0.0789,,,,,,,,,,,,,,,,,,,,,,,,,,
2002-12-31,,,,,,,,,,,,,-0.079398,-0.079398,,,,,,,,,,,,,,,,,,,,,,,,,,
2003-01-31,,,,,,,,,,,,,-0.060826,-0.060826,,,,,,,,,,,,,,,,,,,,,,,,,,
2003-04-30,,,,,,,,,,,,,0.122281,0.122281,,,,,,,,,,,,,,,,,,,,,,,,,,
2003-05-31,,,,,,,,,,,,,0.033592,0.033592,,,,,,,,,,,,,,,,,,,,,,,,,,
2003-06-30,,,,,,,,,,,,,0.020833,0.020833,,,,,,,,,,,,,,,,,,,,,,,,,,
2003-07-31,,,,,,,,,,,,,0.032653,0.032653,,,,,,,,,,,,,,,,,,,,,,,,,,
2003-08-31,,,,,,,,,,,,,0.028854,0.028854,,,,,,,,,,,,,,,,,,,,,,,,,,
2003-10-31,,,,,,,,,,,,,0.003073,0.003073,,,,,,,,,,,,,,,,,,,,,,,,,,
2003-11-30,,,,,,,,,,,,,0.031406,0.031406,,,,,,,,,,,,,,,,,,,,,,,,,,
2003-12-31,,,,,,,,,,,,,0.0460449999999999,0.0460449999999999,,,,,,,,,,,,,,,,,,,,,,,,,,
2004-01-31,,,,,,,,,,,,,0.011005,0.011005,,,,,,,,,,,,,,,,,,,,,,,,,,
2004-04-30,,,,,,,,,,,,,-0.015098,-0.015098,,,,,,,,,,,,,,,,,,,,,,,,,,
2004-05-31,,,,,,,,,,,,,-0.021034,-0.021034,,,,,,,,,,,,,,,,,,,,,,,,,,
2004-06-30,,,,,,,,,,,,,0.036781,0.036781,,,,,,,,,,,,,,,,,,,,,,,,,,
2004-07-31,,,,,,,,,,,,,-0.045662,-0.045662,,,,,,,,,,,,,,,,,,,,,,,,,,
2004-08-31,,,,,,,,,,,,,0.01141,0.01141,,,,,,,,,,,,,,,,,,,,,,,,,,
2004-10-31,,,,,,,,,,,,,0.068777,0.068777,,,,,,,,,,,,,,,,,,,,,,,,,,
2004-11-30,,,,,,,,,,,,,0.033367,0.033367,,,,,,,,,,,,,,,,,,,,,,,,,,
2004-12-31,,,,,,,,,,,,,0.0326189999999999,0.0326189999999999,,,,,,,,,,,,,,,,,,,,,,,,,,
2005-01-31,,,,,,,,,,,,,-0.006063,-0.006063,,,,,,,,,,,,,,,,,,,,,,,,,,
2005-04-30,,,,,,,,,,,,,-0.018941,-0.018941,,,,,,,-0.034375,,,,,,,,,,,,,,,,,,,
2005-05-31,,,,,,,,,,,,,0.055955,0.055955,,,,,,,0.036408,,,,,,,,,,,,,,,,,,,
2005-06-30,,,,,,,,,,,,,0.021692,0.021692,,,,,,,0.0238099999999999,,,,,,,,,,,,,,,,,,,
2005-07-31,,,,,,,,,,,,,0.0740069999999999,0.0740069999999999,,,,,,,0.028974,,,,,,,,,,,,,,,,,,,
2005-08-31,,,,,,,,,,,,,-0.0225919999999999,-0.0225919999999999,,,,,,,0.055206,,,,,,,,,,,,,,,,,,,
2005-09-30,,,,,,,,,,,,,,,,,,,,,0.129565,,,,,,,,,,,,,,,,,,,
2005-10-31,,,,,,,,,,,,,0.007512,0.007512,,,,,,,-0.04041,,,,,,,,,,,,,,,,,,,
2005-11-30,,,,,,,,,,,,,0.054775,0.054775,,,,,,,0.09621,,,,,,,,,,,,,,,,,,,
2005-12-31,,,,,,,,,,,,,0.0424139999999999,0.0424139999999999,,,,,,,0.079492,,,,,,,,,,,,,,,,,,,
2006-01-31,,,,,,,,,,,,,0.0297339999999999,0.0297339999999999,,,,,,,0.00438,,,,,,,,,,,,,,,,,,,
2006-02-28,,,,,,,,,,,,,,,,,,,,,0.01172,,,,,,,,,,,,,,,,,,,
2006-03-31,,,,,,,,,,,,,,,,,,,,,0.032866,,,,,,,,,,,,,,,,,,,
2006-04-30,,,,,,,,,,,,,0.075735,0.075735,,,,,,,0.0026079999999999,,,,,,,,,,,,,,,,,,,
2006-05-31,,,,,,,,,,,,,-0.068283,-0.068283,,,,,,,-0.091831,,,,,,,,,,,,,,,,,,,
2006-06-30,,,,,,,,,,,,,0.016932,0.016932,,,,,,,-0.034661,,,,,,,,,,,,,,,,,,,
2006-07-31,,,,,,,,,,,,,0.008201,0.008201,,,,,,,-0.00178,,,,,,,,,,,,,,,,,,,
2006-08-31,,,,,,,,,,,,,0.0157749999999999,0.0157749999999999,,,,,,,-0.008918,,,,,,,,,,,,,,,,,,,
2006-09-30,,,,,,,,,,,,,,,,,,,,,0.008998,,,,,,,,,,,,,,,,,,,
2006-10-31,,,,,,,,,,,,,0.050959,0.050959,,,,,,,0.004162,,,,,,,,,,,,,,,,,,,
2006-11-30,,,,,,,,,,,,,0.016624,0.016624,,,,,,,-0.036708,,,,,,,,,,,,,,,,,,,
2006-12-31,,,,,,,,,,,,,0.025891,0.025891,,,,,,,0.035034,,,,,,,,,,,,,,,,,,,
2007-01-31,,,,,,,,,,,,,0.0095199999999999,0.0095199999999999,,,,,,,0.007423,,,,,,,,,,,,,,,,,,,
2007-02-28,,,,,,,,,,,,,,,,,,,,,0.067492,,,,,,,,,,,,,,,,,,,
2007-03-31,,,,,,,,,,,,,,,,,,,,,-0.04307,,,,,,,,,,,,,,,,,,,
2007-04-30,,,,,,,,,,,,,0.0901319999999999,0.0901319999999999,,,,,,,-0.037969,,,,,,,,,,,,,,,,,,,
2007-05-31,,,,,,,,,,,,,0.024542,0.024542,,,,,,,0.020753,,,,,,,,,,,,,,,,,,,
2007-06-30,,,,,,,,,,,,,-0.027096,-0.027096,,,,,,,-0.016394,,,,,,,,,,,,,,,,,,,
2007-07-31,,,,,,,,,,,,,-0.0248229999999999,-0.0248229999999999,,,,,,,6e-05,,,,,,,,,,,,,,,,,,,
2007-08-31,,,,,,,,,,,,,-0.0068289999999999,-0.0068289999999999,,,,,,,-0.0535839999999999,,,,,,,,,,,,,,,,,,,
2007-09-30,,,,,,,,,,,,,,,,,,,,,0.032317,,,,,,,,,,,,,,,,,,,
2007-10-31,,,,,,,,,,,,,0.065014,0.065014,,,,,,,-0.016814,,,,,,,,,,,,,,,,,,,
2007-11-30,,,,,,,,,,,,,-0.009978,-0.009978,,,,,,,-0.010261,,,,,,,,,,,,,,,,,,,
2007-12-31,,,,,,,,,,,,,0.018775,0.018775,,,0.0077569999999999,,,,-0.020107,,,,,,,,,,,,,,,,,,,
2008-01-31,,,,,,,,,,,,,-0.117944,-0.117944,,,0.0015559999999999,,,,-0.054505,,,,,,,,,,,,,,,,,,,
2008-02-29,,,,,,,,,,,,,,,,,-0.000572,,,,0.039674,,,,,,,,,,,,,,,,,,,
2008-03-31,,,,,,,,,,,,,,,,,0.0133339999999999,,,,-0.018917,,,,,,,,,,,,,,,,,,,
2008-04-30,,,,,,,,,,,,,0.084011,0.084011,,,-0.013805,,,,0.070479,,,,,,,,,,,,,,,,,,,
2008-05-31,,,,,,,,,,,,,0.014405,0.014405,,,-0.015472,,,,-0.010248,,,,,,,,,,,,,,,,,,,
2008-06-30,,,,,,,,,,,,,-0.1054,-0.1054,,,0.002827,,,,-0.058362,,,,,,,,,,,,,,,,,,,
2008-07-31,,,,,,,,,,,,,-0.009166,-0.009166,,,0.016168,,,,-0.0276569999999999,,,,,,,,,,,,,,,,,,,
2008-08-31,,,,,,,,,,,,,0.031137,0.031137,,,0.019501,,,,0.001371,,,,,,,,,,,,,,,,,,,
2008-09-30,,,,,,,,,,,,,-0.129103,-0.129103,,,0.005602,,,,-0.0154,,,,,,,,,,,,,,,,,,,
2008-10-31,,,,,,,,,,,,,-0.169849,-0.169849,,,0.006526,,,,-0.0514419999999999,,,,,,,,,,,,,,,,,,,
2008-11-30,,,,,,,,,,,,,0.006961,0.006961,,,0.0415909999999999,,,,-0.02052,,,,,,,,,,,,,,,,,,,
2008-12-31,,,,,,,,,,,,,0.159603,0.159603,,,0.042967,,,,0.170969,,,,,,,,,,,,,,,,,,,
2009-01-31,,,,,,,,,,,,,-0.123121,-0.123121,,,-0.040833,,,,-0.035783,,,,,,,,,,,,,,,,,,,
2009-02-28,,,,,,,,,,,,,-0.106119,-0.106119,,,0.013887,,,,-0.174288,,,,,,,,,,,,,,,,,,,
2009-03-31,,,,,,,,,,,,,0.071098,0.071098,,,0.023801,,,,0.108748,,,,,,,,,,,,,,,,,,,
2009-04-30,,,,,,,,,,,,,0.127817,0.127817,,,-0.009138,,,,-0.008686,,,,,,,,,,,,,,,,,,,
2009-05-31,,,,,,,,,,,,,0.019984,0.019984,,,-0.014756,,,,0.020445,,,,,,,,,,,,,,,,,,,
2009-06-30,,,,,,,,,,,,,-0.033011,-0.033011,,,0.018047,,,,-0.007156,,,,,,,,,,,,,,,,,,,
2009-07-31,,,,,,,,,,,,,0.086872,0.086872,,,-0.0228759999999999,,,,0.031351,,,,,,,,,,,,,,,,,,,
2009-08-31,,,,,,,,,,,,,0.0990809999999999,0.0990809999999999,,,0.0456189999999999,,,,0.071978,,,,,,,,,,,,,,,,,,,
2009-09-30,,,,,,,,,,,,,0.064823,0.064823,,,0.001728,,,,-0.009778,,,,,,,,,,,,,,,,,,,
2009-10-31,,,,,,,,,,,,,-0.035348,-0.035348,,,-0.004887,,,,-0.074062,,,,,,,,,,,,,,,,,,,
2009-11-30,,,,,,,,,,,,,0.010405,0.010405,,,0.0091,,,,-0.023462,,,,,,,,,,,,,,,,,,,
2009-12-31,,,,,,,,,,,,,0.027759,0.027759,,,-0.028987,,,,0.084456,,,,,,,,,,,,,,,,,,,
2010-01-31,,,,,,,,,,,,,-0.067523,-0.067523,,,0.007297,,,,0.02954,,,,,,,,,,,,,,,,,,,
2010-02-28,,,,,,,,,,,,,0.02406,0.02406,,,-0.000805,,,,0.0423869999999999,,,,,,,,,,,,,,,,,,,
2010-03-31,,,,,,,,,,,,,0.083942,0.083942,,,0.004833,,,,0.071942,,,,,,,,,,,,,,,,,,,
2010-04-30,,,,,,,,,,,,,-0.03851,-0.03851,,,0.003061,,,,-0.029764,,,,,,,,,,,,,,,,,,,
2010-05-31,,,,,,,,,,,,,-0.072882,-0.072882,,,0.027974,,,,-0.025865,,,,,,,,,,,,,,,,,,,
2010-06-30,,,,,,,,,,,,,-0.035647,-0.035647,,,0.010885,,,,-0.037357,,,,,,,,,,,,,,,,,,,
2010-07-31,,,,,,,,,,,,,0.064627,0.064627,,,-0.0037059999999999,,,,-0.007697,,,,,,,,,,,,,,,,,,,
2010-08-31,,,,,,,,,,,,,-0.048517,-0.048517,,,0.04681,,,,-0.016807,,,,,,,,,,,,,,,,,,,
2010-09-30,,,,,,,,,,,,,0.099082,0.099082,,,0.00181,,,,0.036489,,,,,,,,,,,,,,,,,,,
2010-10-31,,,,,,,,,,,,,0.039358,0.039358,,,-0.022753,,,,-0.009832,,,,,,,,,,,,,,,,,,,
2010-11-30,,,,,,,,,,,,,-0.0547919999999999,-0.0547919999999999,,,-0.008149,,,,0.057335,,,,,,,,,,,,,,,,,,,
2010-12-31,,,,,,,,,,,,,0.084154,0.084154,,,0.0007589999999999,,,,0.068767,,,,,,,,,,,,,,,,,,,
2011-01-31,,,,,,,,,,,,,0.022296,0.022296,,,-0.012694,,,,-0.017007,,,,,,,,,,,,,,,,,,,
2011-02-28,,,,,,,,,,,,,0.006866,0.006866,,,0.0056599999999999,,,,0.018166,,,,,,,,,,,,,,,,,,,
2011-03-31,,,,,,,,,,,,,0.016647,0.016647,,,0.0044469999999999,,,,-0.088077,,,,,,,,,,,,,,,,,,,
2011-04-30,,,,,,,,,,,,,0.03768,0.03768,,,0.0120369999999999,,,,-0.050311,,,,,,,,,,,,,,,,,,,
2011-05-31,,,,,,,,,,,,,-0.020722,-0.020722,,,0.018182,,,,0.005886,,,,,,,,,,,,,,,,,,,0.012413
2011-06-30,,,,,,,,,,,,,0.003106,0.003106,,,-0.0042959999999999,,,,0.05104,,,,,,,,,,,,,,,,,,,0.002545
2011-07-31,,,,,,,,,,,,,-0.067544,-0.067544,,,0.022384,,,,0.023198,,,,,,,,,,,,,,,,,,,0.05528400000000001
2011-08-31,,,,,,,,,,,,,-0.113117,-0.113117,,,0.03383,,,,-0.084643,,,,,,,,,,,,,,,,,,,0.13417500000000002
2011-09-30,,,,,,,,,,,,,-0.074655,-0.074655,,,0.013459,,,,0.037649,-0.052346,,,,,,,,,,,,,,,,,,-0.077416
2011-10-31,,,,,,,,,,,,,0.110774,0.110774,,,0.0050349999999999,,,,0.00191,0.094174,,,,,,,,,,,,,,,,,,0.030547
2011-11-30,,,,,,,,,,,,,-0.086976,-0.086976,,,0.043211,,,,-0.050191,-0.064276,,,,,,,,,,,,,,,,,,0.038209
2011-12-31,,,,,,,,,,,,,0.016708,0.016708,,,0.011886,,,,0.004682,0.017689,,,,,,,,,,,,,,,,,,-0.087754
2012-01-31,,,,,,,,,,,,,0.053716,0.053716,,,-0.001661,,,,0.045273,0.10139,,,,,,,,,,,,,,,,,,0.088594
2012-02-29,,,,,,,,,,,,,0.05703,0.05703,,,-0.00624,,,,0.045223,0.0284059999999999,,,,,,,,,,,,,,,,,,-0.023988999999999996
2012-03-31,,,,,,,,,,,,,-0.016076,-0.016076,,,-0.011541,,,,0.006094,,,,,,,,,,,,,,,,,,,-0.032826
2012-04-30,,,,,,,,,,,,,-0.051253,-0.051253,,,0.004053,,,,-0.0629919999999999,,,,,,,,,,,,,,,,,,,-0.018305000000000002
2012-05-31,,,,,,,,,,,,,-0.077377,-0.077377,,,0.034464,,,,-0.04137,,,,,,,,,,,,,,,,,,,-0.00703
2012-06-30,,,,,,,,,,,,,0.0426999999999999,0.0426999999999999,,,0.006232,,,,0.045179,,,,,,,,,,,,,,,,,,,0.003905
2012-07-31,,,,,,,0.039462,,,,,,0.030601,0.030601,,,0.005325,,,,-0.034194,,,,,,,0.038774,,,,,,,,,,,,0.013469
2012-08-31,,,,,,,-0.009491,,,,,,0.0383579999999999,0.0383579999999999,,,0.00714,,,,0.007014,,,,,,,0.007812,,,,,,,,,,,,0.022328
2012-09-30,,,,,,,-0.002613,,,,,,0.014684,0.014684,,,-0.010405,,,,-0.000995,,,,,,,0.012059,,,,,,,,,,,,0.038665
2012-10-31,,,,,,,0.009607,,,,,,0.031824,0.031824,,,-0.005084,,,,-0.033201,,,,,,,0.005106,,,,,,,,,,,,-0.026309999999999997
2012-11-30,,,,,,,0.011246,,,,,,0.028234,0.028234,,,0.004819,,,,0.033654,-0.042455,,,,,,0.011854,,,,,,,,,,,,0.000578
2012-12-31,,,,,,,0.024808,,,,,,0.024904,0.024904,,,-0.003872,,,,0.050498,0.051816,,,,,,0.001674,,,,,,,,,,,,-0.044856999999999994
2013-01-31,,,,,,,0.065109,,,,0.085829,,0.0899269999999999,0.0899269999999999,,,-0.02216,,,,0.051233,0.0459619999999999,,,,,,-0.010025,,,,,,,,,,,,0.025194
2013-02-28,,,,,,,0.0431029999999999,,,,0.039522,,0.008098,0.008098,,,0.01056,,,,0.057762,0.013838,,,,,,0.008439,,,,,,,,,,,,-0.007267
2013-03-31,,,,,,,0.0240419999999999,,,,0.0256409999999999,,-0.004922,-0.004922,,,0.01996,,,,0.0753699999999999,-0.014368,,,,,,0.016736,,,,,,,,,,,,0.009603
2013-04-30,,,,,,,0.041086,,,,0.006034,,0.018528,0.018528,,,0.009785,,,,0.042052,-0.02551,,,,,,0.027160000000000004,,,,,,,,,,,-0.083096,-0.101666
2013-05-31,,,,,,,-0.0486259999999999,,,,0.028277,,0.038232,0.038232,,,-0.02223,,,0.031594,-0.030203,0.026427,,,,,,-0.014422999999999998,,,,,,,,,,,-0.052489,-0.028058999999999997
2013-06-30,,,,,,,-0.028889,,,,-0.026666,,-0.046345,-0.046345,,,-0.026932,,,-0.046436,-0.006019,-0.121933,,,,,,-0.039837,,,,,,,,,,,-0.130577,-0.128936
2013-07-31,,,,,,,0.017544,,,,0.049657,,0.071388,0.071388,,,0.007549,,,0.078512,0.04476,0.055048,,,,,,0.018628,,,,,,,,,,,0.07423099999999999,0.0753
2013-08-31,,,,,,,-0.066717,,,,-0.035889,,-0.02391,-0.02391,,,-0.010881,,,-0.036157,-0.045867,-0.0529629999999999,,,,,,-0.009144,,,,,,,,,,,0.071147,0.052629999999999996
2013-09-30,,,,,,,0.010442,,,,0.0,,0.022406,0.022406,,,0.006492,,,0.032343,0.0552029999999999,0.070598,,,,,,0.009228,,,,,,,,,,,-0.05251,-0.092751
2013-10-31,,,,,,,0.037361,,,,0.051607,,0.060003,0.060003,,,0.012244,,,0.055849,-0.007009,0.0328419999999999,,,,,,0.020781,,,,,,,,,,,-0.008061,0.0016439999999999998
2013-11-30,,,,,,,-0.049808,,,,-0.0024129999999999,,-0.00482,-0.00482,,,-0.01363,,,-0.006115,-0.007562,-0.038057,,,,,,-0.013844,,,,,,,,,,,-0.052823,-0.068926
2013-12-31,,,,,,,-0.010484,,,,0.006451,,0.005344,0.005344,,,-0.012263,,,0.008447,-0.006096,-0.021343,,,,,,-0.002477,,,,,,,,,,,-0.042899,-0.054469000000000004
2014-01-31,0.020443,,,,,,-0.012225,,,,-0.036057,,-0.041196,-0.041196,,,0.016473,,,-0.028365,-0.0411449999999999,-0.06516,,,,,,0.021523,,,,,,,,,,,0.032174999999999995,0.039457
2014-02-28,0.000556,,,,,,0.032178,,,,0.037406,,0.059875,0.059875,,,0.006435,,,0.053539,-0.006663,0.0190609999999999,,,,,,0.002431,,,,,,,,,,,0.067928,0.049852999999999995
2014-03-31,-0.002225,,,,,,0.003997,,,,0.00292,,0.014368,0.014368,,,-0.00219,,,0.0063849999999999,-0.025758,0.021776,,,,,,-0.002425,,,,,,,,,,,-0.030206,-0.025168
2014-04-30,0.0061319999999999,,,,,,0.021497,,,,0.001082,,0.001209,0.001209,,,0.0055179999999999,,,0.003579,-0.031396,0.00929,,,,,,0.008914,,,,,,,,,,,0.002845,-0.0077529999999999995
2014-05-31,0.009972,,,,,,0.038192,,,,0.027107,,0.018027,0.018027,,,0.012391,,,0.018429,0.056298,0.056037,,,,,,0.013654999999999999,,,,,,,,,,,-0.038375,-0.031257
2014-06-30,-0.003291,-0.002799,,,,,-0.003754,,,,-0.000574,,-0.023715,-0.023715,,,-0.004779,,,-0.0229009999999999,0.026918,-0.005127,,,,,,-0.001585,,,,,,,,,,,0.057143,0.038046
2014-07-31,0.008255,0.001003,,,,,0.0188389999999999,,,,0.004592,,-0.030283,-0.030283,,,0.008199,,,-0.037279,0.022018,0.039938,0.0006219999999999999,,,,,0.003968,,,,,,,,,,,-0.025264,-0.011505000000000001
2014-08-31,0.0305679999999999,0.00641,,,,,0.0229289999999999,,,,0.027238,,0.016032,0.016032,,,0.032179,,,0.02161,-0.004873,0.0364219999999999,0.001051,,,,,0.026087,,,,,,,,,,,0.000603,0.019347
2014-09-30,-0.006356,-0.000199,,,,,-0.034707,,,,0.002132,,-0.012163,-0.012163,,,-0.006528,,,-0.0070599999999999,0.0162369999999999,-0.043031,0.0005319999999999999,,,,,-0.006162999999999999,,,,,,,,,,,-0.061445999999999994,-0.039332
2014-10-31,0.0149249999999999,0.005773,,,0.007363,0.003078,0.075655,,-0.0068579999999999,0.013725,0.017393,,-0.008985,-0.008985,,0.025604,0.016144,,,-0.014472,0.0017749999999999,-0.011491,0.000962,,,,,0.010078,,,,0.031555,,,,,,,-0.03819,-0.023586
2014-11-30,0.030462,0.007324,,,0.009968,0.003081,0.027159,,0.029249,0.0406189999999999,0.037738,,0.049362,0.049362,,0.010751,0.0275939999999999,,,0.058415,0.023544,0.032095,0.00082,,,,,0.023024,,,,0.025913,,,,,,,0.011512,0.036925
2014-12-31,0.0152909999999999,0.003537,,,0.005207,-0.000684,0.021017,,-0.01613,-0.009294,-0.0043809999999999,,-0.03744,-0.03744,,-0.041941,0.014104,,,-0.046088,-0.005936,-0.0347699999999999,0.00045900000000000004,,,,,0.011252999999999999,,,,0.009664,,,,,,,0.013525,0.017152
2015-01-31,0.0401609999999999,0.00979,,,0.020357,0.006497,0.088977,,0.026188,0.0215759999999999,0.014962,,0.042553,0.042553,,0.044123,0.0415109999999999,,,0.04249,0.05474,0.050228,0.000554,,,,,0.042285,,,,0.019296,,,,,,,0.061513,0.102058
2015-02-28,-0.036197,-0.002521,,,-0.0055769999999999,-0.000536,-0.045732,,0.037261,0.022039,0.029483,,0.02567,0.02567,,0.001767,-0.028403,,,0.032435,0.041519,-0.011353,0.00025,,,,,-0.023488000000000002,,,,0.031626,,,,,,,-0.045225,-0.070149
2015-03-31,0.019529,0.00486,,,0.006371,0.002649,0.047923,,-0.01677,0.0314469999999999,0.027207,,0.037463,0.037463,,0.026377,0.014854,,,0.030245,0.057758,0.005131,0.000638,,,,,0.011661999999999999,,,,0.042933000000000006,,,,,,,-0.026333000000000002,0.014554000000000001
2015-04-30,-0.02112,-0.002322,,,-0.0054969999999999,0.000577,-0.048171,,0.030441,-0.00784,-0.013038,,-0.011687,-0.011687,,0.0400279999999999,-0.022971,,,-0.000863,-0.000857,0.083131,0.00033099999999999997,,,,,-0.016571,,,,-0.025255999999999997,,,,,,,-0.007586000000000001,-0.03912
2015-05-31,0.001505,0.001357,,,-0.0050019999999999,0.000712,-0.004484,,0.013529,0.00878,0.01562,,0.018799,0.018799,,-0.033613,0.00064,,,-0.002036,0.018217,-0.042864,0.000574,,,,,0.000733,,,,0.021604,,,,,,,0.007145,0.012512
2015-06-30,-0.017034,-0.0067779999999999,,,-0.01196,-0.001399,-0.074003,,-0.057652,-0.059182,-0.054074,,-0.057887,-0.057887,,-0.055106,-0.016996,,,-0.0568309999999999,-0.042517,-0.0583819999999999,0.000249,,,,,-0.02489,,,,-0.038664000000000004,,,,,,,-0.017488999999999998,-0.043567
2015-07-31,0.009174,0.00078,,,0.0111969999999999,0.003212,0.034746,,0.023929,0.016651,0.0202369999999999,,0.023693,0.023693,,-0.062903,0.011382,,,0.0455999999999999,0.01231,-0.074452,5.1000000000000006e-05,,,,,0.009009,,,,0.0031190000000000002,,,,,,,-0.065323,-0.058277
2015-08-31,0.012121,0.000195,,,-0.003869,-0.000603,-0.02955,,-0.053323,-0.053685,-0.055184,,-0.050455,-0.050455,,-0.075059,0.010182,,,-0.049355,-0.026276,-0.115416,0.0006169999999999999,,,,,0.0,,,,-0.039417,,,,,,,0.034315000000000005,0.051489
2015-09-30,0.006487,-0.004285,,,0.0067469999999999,0.002863,0.009689,,-0.027546,-0.0375,-0.026467,,-0.030062,-0.030062,,-0.0153319999999999,0.014271,,,-0.03902,-0.068912,0.029197,9.599999999999999e-05,,,,,-0.001488,,,,-0.028286,,,,,,,-0.020497,-0.001971
2015-10-31,-0.011403,0.003326,,,0.003688,0.0013039999999999,0.0527759999999999,,0.046882,0.081918,0.073818,,0.0485839999999999,0.0485839999999999,,0.050374,-0.014959,,,0.050689,0.096287,0.080083,0.000512,,,,,-0.0029809999999999997,,,,0.03666,,,,,,,0.023408,0.003609
2015-11-30,0.010532,0.006239,,,0.000694,0.000289,0.0,,0.005666,0.015697,0.019997,,0.014196,0.014196,,-0.014177,0.011629,0.021291,,0.009452,0.0131089999999999,-0.012038,0.00048800000000000004,,,,,0.015695,,,,0.03753,,,,,,,-0.069659,-0.043787
2015-12-31,-0.009926,-0.000969,,,-0.003769,-0.001559,0.022786,,-0.012719,-0.002727,-0.0018509999999999,,-0.004072,-0.004072,,-0.001122,-0.014802,0.003583,,0.0021709999999999,0.012292,-0.0210469999999999,0.00043499999999999995,,,,,-0.00883,,,,-0.004692,,,,,,,-0.004656,0.017456
2016-01-31,0.034586,0.002327,,,0.014882,0.006239,-0.024825,,-0.030859,-0.045579,-0.044424,,-0.045872,-0.045872,,-0.028283,0.031273,-0.0227199999999999,,-0.032178,-0.0462289999999999,-0.069873,0.000785,,,,,0.011878,,,,-0.041479,,,,,,,0.051834,0.090597
2016-02-29,0.009205,-0.001354,,,0.009446,0.002734,0.046997,,0.00798,0.0382039999999999,0.040932,,0.008786,0.008786,,0.015195,0.014775,0.010794,,-0.00338,-0.002457,0.048662,0.000107,,,,,-0.005869,,,,0.024784999999999998,,,,,,,0.10354,0.129634
2016-03-31,0.00192,0.010851,,,0.008577,0.003357,0.049252,,0.019229,0.035879,0.025847,,0.038127,0.038127,,0.097765,0.001018,0.035814,,0.038258,0.010748,0.085557,0.000365,,,,,0.02214,,,,0.050887,,,,,,,-0.0022570000000000003,-0.032376
2016-04-30,-0.011021,0.004025,,,0.001144,0.000843,-0.0089129999999999,,0.011231,0.001776,0.001652,,0.0106059999999999,0.0106059999999999,,-0.013665,-0.008544,-0.002855,,0.002731,0.029242,0.0179,0.000433,,,,,0.002888,,,,0.004328,,0.059212,,,,,0.05122,0.029792
2016-05-31,0.011628,0.002673,,,0.003634,0.000412,-0.001799,,0.006814,0.000887,0.005856,,-0.004699,-0.004699,,-0.031665,0.016261,0.012725,,0.001587,-0.009255,-0.0548559999999999,0.0007049999999999999,,,,,0.008639,,,,0.018841,,-0.006187000000000001,,,,,-0.06501699999999999,-0.054676999999999996
2016-06-30,0.052203,0.0030459999999999,,,0.021335,0.008078,0.115315,,0.028211,0.064659,0.0606759999999999,,0.025811,0.025811,,0.13282,0.054916,0.077116,,0.038387,0.058657,0.111913,0.000548,,,,,0.02641,,,,0.067589,,0.131105,,,,,0.092224,0.190077
2016-07-31,0.020027,0.016325,,,0.006402,0.000477,0.067313,,0.04006,0.070715,0.070501,,0.065818,0.065818,,0.057104,0.01823,0.0497229999999999,,0.055106,0.078802,0.107393,0.000823,,,,,0.041725000000000005,,,,0.062242,,-0.020777,,,,,0.018212,0.023704
2016-08-31,0.035252,0.0061639999999999,,,-0.000679,-0.0008749999999999,-0.010595,,0.018834,0.013986,0.012709,,0.021448,0.021448,,0.038333,0.034162,0.015002,,0.017033,0.0190219999999999,0.02571,0.00099,,,,,0.032709999999999996,,,,0.015432,,0.019461,,,,,-0.028234,-0.023645
2016-09-30,-0.0150859999999999,0.0024129999999999,,,-0.000749,0.001111,0.0045889999999999,,0.016872,0.0084289999999999,0.0069879999999999,,-0.003805,-0.003805,,0.021471,-0.017039,0.013959,,0.016535,0.0300539999999999,0.030783,0.000305,,,,,-0.00905,,0.016865,,0.023103,,0.044916,,,,,0.003499,0.023294000000000002
2016-10-31,-0.04814,-0.006481,,,-0.0120369999999999,-0.002288,-0.005584,,0.005301,0.055471,0.053179,,0.0596969999999999,0.0596969999999999,,0.0661979999999999,-0.049138,0.043731,,0.036861,0.0815509999999999,0.0590869999999999,0.000205,,,,,-0.038487,,0.054634,,0.024653,,0.042474,,,,,-0.037896,0.022225
2016-11-30,-0.010115,0.0020499999999999,,,-0.018195,-0.005768,-0.030628,,-0.016361,-0.012959,-0.004169,,-0.0519289999999999,-0.0519289999999999,,-0.068358,-0.010306,-0.008276,,-0.0547579999999999,-0.039209,-0.063847,0.000373,,,,,-0.010176000000000001,,0.026827,,0.017965,,0.027357,,,,,-0.083346,-0.100183
2016-12-31,0.014863,0.00651,,,0.001967,0.000911,0.023697,,0.050091,0.033552,0.033826,,0.063362,0.063362,,0.013175,0.018813,0.035467,,0.0695669999999999,0.01151,0.004303,0.00038399999999999996,,,,,0.018506,,0.045946,,0.034748,,0.055622,,,,,-0.01375,0.001
2017-01-31,-0.021053,-0.000185,,,-0.004183,0.000294,-0.006173,,-0.003408,0.0127029999999999,0.009404,,0.016817,0.016817,,0.035795,-0.021744,0.0061709999999999,,0.006272,0.016207,0.048843,0.0006,,,,,-0.013459,,0.006029,,0.004494000000000001,,-0.054503,,,,,0.043918,0.027136999999999998
2017-02-28,0.029921,0.008133,,,0.008376,0.00254,0.043478,,0.031101,0.029268,0.0307969999999999,,0.002084,0.002084,,0.041967,0.03031,0.039424,,0.019775,0.020699,0.035539,0.000623,,,,,0.025238999999999998,,0.029966,,0.03246,,-0.005417999999999999,,,0.00919,,0.034725,0.050034999999999996
2017-03-31,0.007717,0.000917,,,-0.001478,-0.000175,-0.0238099999999999,,0.01217,0.01151,0.008474,,0.0484729999999999,0.0484729999999999,,0.020108,0.0061709999999999,0.006261,,0.04596,-0.003657,0.038659,0.000422,,,,,0.005323,,-0.008313000000000001,,0.002453,,-0.009324,,,-0.037409,,-0.011455,-0.019156
2017-04-30,-0.001802,0.003297,,,0.006128,0.002304,-0.015244,,-0.003644,-0.02075,-0.020912,,0.016485,0.016485,,-0.012581,0.001854,-0.018667,,0.007868,-0.0223559999999999,-0.022408,0.000354,,,,,0.002647,,-0.02347,,-0.014122,,-0.050182000000000004,,,-0.046471,,0.014689,-0.014641
2017-05-31,0.01083,0.0054769999999999,,,0.0052669999999999,0.0018709999999999,0.009804,,0.043701,0.029017,0.027907,,0.054658,0.054658,,0.031904,0.006833,0.024241,,0.054233,0.03785,0.042113,0.0007009999999999999,,,,,0.015182,,0.009442,,0.008398,,-0.01427,,,-0.00867,,-0.00193,0.004353
2017-06-30,-0.021875,-0.004177,,,-0.003405,-0.002205,-0.0015329999999999,,-0.024873,-0.005614,-0.00538,,-0.009509,-0.009509,,0.003327,-0.021775,-0.001762,,-0.013427,0.003387,-0.0112959999999999,0.00025,,,,,-0.013004,,0.003401,,0.009244,,-0.022254999999999997,,,-0.019135,,-0.022401,-0.028914
2017-07-31,0.004108,0.005835,,,0.002404,0.002139,0.006141,,0.01177,0.014028,0.010881,,0.011556,0.011556,,0.043842,0.003614,0.008945,,0.01739,0.006817,0.0482639999999999,0.000448,,,,,0.007246,,0.013559000000000002,,0.007304000000000001,,0.021213000000000003,,,0.015812,,0.016815,0.006554
2017-08-31,0.016364,0.002901,,,0.008063,0.002431,0.015259,,0.013711,0.018445,0.0150699999999999,,0.0199629999999999,0.0199629999999999,,0.046133,0.017235,0.025059,,0.027147,0.015137,0.032553,0.000281,,,,,0.011772,,0.010033,,0.022212,,-0.011103,,,0.023256000000000002,,0.034857,0.062277
2017-09-30,-0.025492,-0.0066879999999999,,,-0.005717,-0.002426,-0.0370739999999999,,-0.004415,-0.016818,-0.013694,,-0.007806,-0.007806,,-0.0437279999999999,-0.028505,-0.017551,,-0.008389,-0.011448,-0.050199,-1.1999999999999999e-05,,,,,-0.018746,,0.003311,,-0.001557,,0.048764,,,-0.032891,,-0.026163,-0.061991
2017-10-31,0.003212,0.003276,,,0.005237,0.001759,0.008325,,0.023281,0.035526,0.03422,,0.020068,0.020068,,0.047256,0.005781,0.029508,,0.01419,0.060594,0.060811,0.000279,,,,,0.003953,,0.023102,,0.02536,,0.014719,,,0.026695000000000003,,-0.015122,-0.002688
2017-11-30,-0.001372,-0.000181,,,0.000751,-0.001298,0.008256,,-0.0212049999999999,0.0,0.000891,,-0.011402,-0.011402,,-0.017151,0.000628,0.0029409999999999,,-0.014745,0.005903,0.0256199999999999,0.00028199999999999997,,,,,-0.001312,,0.006452,,0.002302,,-0.004471,,,-0.015358,,0.004737,-0.011076999999999998
2017-12-31,0.018323,0.005624,,,-0.000998,-0.002124,0.010235,,0.047844,0.017154,0.015609,,-0.003618,-0.003618,,0.036734,0.014095,0.014528,,0.003508,0.0081789999999999,-0.007113,0.000681,,,,,0.017083,,0.028845999999999997,,0.015505,,0.053822,,,0.018026,,0.011543000000000001,0.013594
2018-01-31,-0.017094,-0.001984,,,-0.006347,-0.0025859999999999,-0.0536979999999999,,-0.014996,0.007775,0.00263,,0.01772,0.01772,,0.024295,-0.016184,0.001726,,0.011995,0.004283,0.02964,0.000226,,,,,-0.007752,,0.001558,,-0.015869,,-0.028067,,,-0.024597,,0.031661999999999996,-0.013824000000000001
2018-02-28,-0.002746,-0.004881,,,-0.003929,-0.000619,-0.036403,,-0.032823,-0.01509,-0.012356,,-0.035253,-0.035253,,-0.010048,-0.004838,-0.010291,,-0.026387,-0.0102099999999999,-0.010882,0.000248,,,,,-0.01237,,-0.020995,,-0.008369999999999999,,-0.047626999999999996,,,0.016106,,-0.020720000000000002,0.011053
2018-03-31,0.019734,-0.000182,,,0.00494,0.0013089999999999,0.007778,,-0.018574,-0.051438,-0.053349,,-0.031438,-0.031438,,-0.037461,0.024211,-0.039307,,-0.031767,-0.031371,-0.054474,-2.5e-05,,,,,0.007251,,-0.034948,,-0.018464,,-0.021711,,,-0.032664,,-0.0006360000000000001,-0.013848000000000001
2018-04-30,-0.0103509999999999,0.0041789999999999,,,-0.003799,-0.002635,0.046858,,0.0591929999999999,0.047579,0.05087,,0.046555,0.046555,,0.009075,-0.012437,0.031551,,0.040971,0.038307,0.017594,0.0008110000000000001,,,,,-0.0013089999999999998,,0.032922,,0.029129000000000002,,0.115304,,,0.047991,,-0.008914,0.012138
2018-05-31,0.015462,0.001447,,,0.001461,0.001373,0.04792,,0.03282,0.031914,0.0382039999999999,,-0.0028399999999999,-0.0028399999999999,,-0.001357,0.020332,0.0423329999999999,,-0.008034,0.016803,0.002564,0.000843,,,,,0.001966,,0.024701,,0.062732,,0.057508,,,0.053901000000000004,,-0.011886,0.025988999999999998
2018-06-30,-0.000448,-0.001265,,,0.0006419999999999,0.000367,0.024623,,-0.001948,0.001248,0.006285,,-0.003162,-0.003162,,-0.034922,-0.0038629999999999,0.007834,,0.003182,-0.030202,-0.0419219999999999,0.00031,,,,,0.0,,-0.005443,,0.003745,,0.023153999999999997,,,-0.029022000000000003,,-0.041775,-0.032443
2018-07-31,-0.005824,0.001628,,,-0.0009329999999999,-0.000521,0.0,,0.012635,0.028734,0.029016,,0.048531,0.048531,,0.035017,-0.008323,0.0383,,0.050809,0.037108,0.042674,0.00042500000000000003,,,,,-0.001308,,0.044566,,0.018595999999999998,,0.013889,,,-0.015136,,-0.025785,-0.01779
2018-08-31,0.000901,0.001806,,,0.00168,0.0015359999999999,0.030407,,-0.027879,0.022274,0.028087,,-0.009751,-0.009751,,-0.018386,0.002384,0.022082,,-0.012873,0.000737,-0.017402,0.000783,,,,,0.0045839999999999995,,0.0037430000000000002,,0.031879,,-0.021871,,,-0.006697,,-0.021242999999999998,-0.005535
2018-09-30,-0.011706,-0.001622,,,-0.004939,-0.001478,-0.031414,,0.006945,0.000717,0.001342,,-0.01022,-0.01022,,-0.013427,-0.015414,0.002639,,-0.004621,0.025585,-0.011936,0.0005070000000000001,,,,,-0.007170999999999999,,0.0014910000000000001,,-0.017693,,0.035432,,,0.013593,,-0.009963,-0.013789000000000001
2018-10-31,0.0081999999999999,0.001986,,,-0.003443,0.000466,-0.000491,,-0.052112,-0.0616,-0.0561749999999999,,-0.060604,-0.060604,,-0.065082,0.014979,-0.054075,,-0.061744,-0.081853,-0.081638,0.000666,,,,,0.004596,,-0.055845000000000006,,-0.080792,,-0.08763,,,0.00077,,0.016352,0.042019
2018-11-30,-0.009941,-0.004505,,,0.003407,0.001131,0.024582,,-0.016383,0.019165,0.01045,,-0.002728,-0.002728,,0.044334,-0.011235,0.013461,,-0.005637,0.042134,0.061889,-0.000364,,,,,-0.013071999999999999,,0.013407,,0.007711,,-0.035137999999999996,,,-0.012464,,0.000707,0.004087
2018-12-31,0.017344,0.001086,,,0.010791,0.005558,-0.0518229999999999,,-0.0420629999999999,-0.071403,-0.0717739999999999,,-0.0510459999999999,-0.0510459999999999,-0.053554,-0.02615,0.019162,-0.073797,,-0.046527,-0.071639,-0.026199,0.000286,,,,,0.008609,,-0.091829,,-0.09161899999999999,,-0.094305,,,-0.054543999999999995,,0.049293,0.051594
2019-01-31,0.011664,0.007414,,,0.0104509999999999,0.003367,0.074393,,0.046505,0.047725,0.043355,,0.03714,0.03714,0.0226339999999999,0.046701,0.006614,0.043665,,0.030722,0.020804,0.0460039999999999,0.000586,,,,,0.015101999999999999,,0.056555,,0.068133,,0.064606,,,0.020137000000000002,,0.026772,0.000383
2019-02-28,-0.006652,0.002513,,,-0.000346,0.001401,-0.012247,,0.022868,0.022136,0.023156,,0.016407,0.016407,0.018109,-0.00194,-0.006899,0.019378,,0.021157,-0.010681,0.003767,0.0012360000000000001,,,,,0.00194,,0.010543,,0.0262,,0.015170999999999999,,,-0.007764999999999999,,-0.008527,-0.01591
2019-03-31,0.028125,0.008953,,,0.017572,0.00659,0.054363,,0.026711,0.018983,0.024504,,0.019295,0.019295,0.037549,0.021223,0.031993,0.034994,,0.026354,0.0305,0.0051459999999999,0.00135,,,,,0.021949999999999997,,0.009630999999999999,,0.014192,,0.031513,,,0.022071,,-0.018359,0.005770999999999999
2019-04-30,-0.015198,0.003194,,,-0.0007009999999999,0.000997,-0.0117589999999999,,0.026767,0.045594,0.0452329999999999,,0.0497149999999999,0.0497149999999999,0.018095,0.027562,-0.013646,0.035439,,0.04034,0.01228,0.0500619999999999,0.001348,,,,,-0.001263,,0.039746000000000004,,0.030634,,0.0048720000000000005,,,-0.011432,,-0.011963,-0.013168
2019-05-31,0.029982,0.003538,0.023909,0.008076,0.011906,0.004216,0.0283749999999999,,-0.030169,-0.02096,-0.026167,,-0.022889,-0.022889,0.009355,-0.041149,0.023305,-0.024672,,-0.017886,-0.025276,-0.054346,0.001216,,,,,0.012018,,-0.051988000000000006,,-0.033871000000000005,,-0.053411,,,0.007959,,0.010232000000000002,0.045967
2019-06-30,0.000856,0.006522,0.005157,0.009198,0.0126489999999999,0.004958,0.010236,,0.036664,0.045694,0.054175,,0.066339,0.066339,0.038925,0.052137,0.004491,0.055903,,0.063987,0.05889,0.059009,0.0008210000000000001,,,,,0.01125,,0.068548,,0.047845000000000006,,0.054398999999999996,,,0.020743,,0.081195,0.079945
2019-07-31,0.012404,0.0091069999999999,0.010067,0.005978,0.0073209999999999,0.001307,0.055947,,0.020089,0.056054,0.05944,,0.0267099999999999,0.0267099999999999,0.042819,0.0269729999999999,0.014769,0.044978,,0.018517,0.027287,0.035907,0.001076,,,,,0.017923,,0.040755,,0.045149999999999996,,0.021330000000000002,,,0.025126,,0.008899,0.050931
2019-08-31,0.044782,0.0019089999999999,0.040057,0.010424,0.022536,0.006686,0.0133499999999999,,-0.035879,-0.03105,-0.023426,,-0.012934,-0.012934,0.017109,-0.043779,0.0438849999999999,-0.0147219999999999,,-0.012497,-0.012369,-0.072916,0.0006320000000000001,,,,,0.019429000000000002,,-0.044235,,-0.02918,,-0.078595,,,-0.019272,,0.0684,0.07454100000000001
2019-09-30,-0.001617,0.001213,-0.015664,-0.008002,-0.006456,-0.002092,0.0131739999999999,,0.029704,0.006986,0.002793,,0.002154,0.002154,0.002523,0.006686,0.0,0.009923,,0.009819,0.036661,0.025137,0.000664,,,,,-0.002382,,0.032625,,0.009013,,0.042674000000000004,,,-0.000287,,-0.04186,-0.049921
2019-10-31,-0.0186309999999999,0.000173,-0.021904,-0.003596,-0.002879,0.000314,-0.026006,,-0.014239,-0.017557,-0.023622,,-0.015405,-0.015405,-0.034396,-0.007659,-0.0259229999999999,-0.02319,,-0.01514,-0.010525,-0.003366,0.000493,,,,,-0.004776,,-0.026451,,-0.022165,,-0.068776,,,-0.033565,,0.025093999999999998,-0.021918000000000003
2019-11-30,-0.003714,0.0017299999999999,-0.001531,-0.000195,-0.002354,-0.001065,-0.005423,,0.022236,0.030073,0.036215,,0.017903,0.017903,0.008688,-0.001658,-0.0007,0.028751,,0.014314,0.017756,0.00672,0.0008640000000000001,,,,,0.0012,,0.032452999999999996,,0.032697,,0.011881999999999998,,,-0.020103,,-0.033476,-0.030714
2019-12-31,-0.016984,0.002418,-0.005655,0.001268,-0.004293,5.9e-05,-0.024748,,0.028416,0.007478,9.8e-05,,0.011984,0.011984,-0.001723,0.049387,-0.01774,0.006106,,0.010778,-0.011294,0.050043,0.000866,,,,,-0.002996,,0.005848,,0.01008,,0.023041,,,0.023241,,0.038145,0.012535000000000001
2020-01-31,0.037084,0.0063739999999999,0.0294,0.009939,0.0194839999999999,0.007434,0.024086,,-0.028239,0.006199,0.012681,,-0.011264,-0.011264,0.013805,-0.0423379999999999,0.037726,-0.001136,,-0.015203,-0.0114799999999999,0.004857,0.001751,,,,,0.027644000000000002,0.003589,-0.047237999999999995,,-0.023115999999999998,,-0.079139,,,-0.06656100000000001,,0.041887,0.048116000000000006
2020-02-29,0.013816,-0.000171,0.013887,0.005603,0.0112579999999999,0.004431,-0.058799,,-0.089145,-0.066653,-0.07848,,-0.067723,-0.067723,-0.0544679999999999,-0.0217309999999999,0.0128919999999999,-0.054761,,-0.053699,-0.059732,-0.0642959999999999,0.000607,,,,,-0.00117,0.0,-0.070175,,-0.062845,,-0.130615,,,-0.023008,,-0.001552,0.03567
2020-03-31,0.015631,-0.039719,-0.026504,-0.021525,-0.019028,-0.007155,-0.199018,,-0.15057,-0.0980429999999999,-0.0876919999999999,,-0.111922,-0.111922,-0.09541,-0.128839,0.026855,-0.1059099999999999,,-0.112574,-0.072147,-0.160103,-0.0055179999999999995,,,,,-0.050351,-0.024337,-0.19114,,-0.183296,,-0.24623,,,-0.097899,,0.003391,0.042518
2020-04-30,0.023283,0.021216,0.017658,0.010939,0.015368,0.007456,0.06351,,0.044176,0.0966499999999999,0.1005659999999999,,0.068,0.068,0.064677,0.07298,0.012188,0.091019,,0.046017,0.050937,0.104598,0.004174,,,,,0.038841,0.01853,0.096349,,0.11493,,0.136129,,,-0.03396,,0.058152999999999996,0.042234999999999995
2020-05-31,0.0,0.009777,0.014501,0.007247,0.0041909999999999,0.004127,0.016763,,0.038867,0.045677,0.05256,,0.071832,0.071832,0.051402,0.028453,0.002857,0.070003,,0.0825409999999999,0.104179,0.01704,0.0020050000000000003,,,,,0.008902,0.008796,0.06475500000000001,0.052351,0.092308,,0.022747000000000003,,,0.052978,,0.018097000000000002,0.040449
2020-06-30,0.0015429999999999,0.011757,0.014437,0.009291,0.003029,0.001198,0.015971,,0.0156129999999999,0.032514,0.020433,,0.044549,0.044549,-0.000889,0.074559,0.001221,0.027507,,0.04922,-0.015361,0.0823049999999999,0.001396,,,,,0.014705999999999999,0.011196999999999999,0.006082,0.009673000000000001,0.022707,,-0.020353,,,0.025379,,0.028232,0.022921
2020-07-31,0.00308,0.0090569999999999,0.013479,0.009804,0.015795,0.006118,-0.032454,,-0.036022,-0.010017,-0.0065439999999999,,-0.004175,-0.004175,-0.019573,0.025024,0.001911,-0.01322,,-0.013782,-0.042591,0.0295359999999999,0.0016289999999999998,,,,,0.015072,0.009995,-0.039724,-0.015055,-0.018554,,-0.085496,,,0.004504,,0.105631,0.046349999999999995
2020-08-31,-0.037236,0.002371,-0.014155,0.005737,-0.0083509999999999,0.0001909999999999,0.011006,,0.0238969999999999,0.047901,0.0463079999999999,,0.022877,0.022877,0.009074,0.001119,-0.037166,0.051147,,0.0297169999999999,0.039455,0.022027,0.0008359999999999999,,,,,-0.013134999999999999,0.003105,0.040468000000000004,0.047244,0.035877,,0.0121,,,0.045057,,-0.004599,-0.019462
2020-09-30,0.023525,0.001689,0.013335,0.001431,0.005057,0.001119,-0.002074,,-0.016993,0.0,-0.004792,,-0.002497,-0.002497,0.010791,0.01952,0.024062,-0.004449,,-0.000417,0.047085,-0.015939,0.000857,,,,,0.010417000000000001,0.001838,-0.005186,-0.0048649999999999995,0.012853000000000002,,-0.110133,,,-0.004788,,-0.036729,-0.005551
2020-10-31,-0.005064,0.0030359999999999,0.000553,-0.001516,-0.000357,0.0008849999999999,-0.041558,,-0.0384269999999999,-0.021058,-0.027523,,-0.065387,-0.065387,-0.032028,0.020229,-0.0015229999999999,-0.0306789999999999,,-0.060503,-0.006088,0.044557,0.000292,,,,,0.0017180000000000001,0.0020269999999999997,-0.024327,-0.036000000000000004,0.000132,,-0.069329,,,0.013432,,-0.009832,-0.012943
2020-11-30,-0.006656,0.007062,0.003256,0.004079,0.006924,0.001724,0.1138209999999999,,0.1216269999999999,0.089192,0.093208,,0.1474,0.1474,0.048713,0.057362,-0.008985,0.092634,,0.135914,0.073475,0.0620859999999999,0.00045400000000000003,,,,,0.013722000000000002,0.018692,0.133571,0.084832,0.11677799999999999,,0.27927,,,0.007743,,-0.05582499999999999,-0.08052
2020-12-31,0.011825,0.007013,0.006548,0.007671,0.001844,0.000891,-0.000973,,0.039249,0.015414,0.015143,,0.021297,0.021297,0.0,0.047508,0.0093569999999999,0.018257,,0.022926,0.0261439999999999,0.0286079999999999,0.00030900000000000003,,,,,0.013536,0.005864,0.017282,0.026349,0.048265,,0.003971,,,0.020148000000000003,,0.063229,0.037753
2021-01-31,-0.015972,-0.000995,-0.004557,0.006276,-0.0063939999999999,-0.000304,-0.007306,,-0.003657,0.003321,-0.0016189999999999,,-0.017901,-0.017901,-0.023663,0.02606,-0.006427,-0.0141,,-0.021861,-0.018375,0.040713,0.00039600000000000003,,,,,-0.008904,0.003667,-0.006178,-0.021946,0.016084,,0.02742,,,0.030748,,-0.020507,-0.022401
2021-02-28,-0.055819,-0.004979,-0.035975,-0.012757,-0.016758,-0.003059,0.030913,,0.015045,-0.000473,0.002235,,-0.003878,-0.003878,-0.030521,-0.010927,-0.062865,0.0079379999999999,,0.002653,0.006514,-0.004693,5e-06,,,,,-0.032566000000000005,0.001031,0.053613,0.013124,0.031595,,0.13192299999999998,,,0.043434999999999994,,-0.073892,-0.086618
2021-03-31,0.0029349999999999,0.0005,0.017341,0.008781,-0.0057989999999999,-0.0007199999999999,0.038553,,0.044862,0.035005,0.039171,,0.043216,0.043216,0.062037,-0.005939,0.0062829999999999,0.047667,,0.045532,0.010949,-0.014895,0.0,,,,,0.0,0.00861,0.064897,0.064354,0.034554,,0.035817999999999996,,,-0.017808,,-0.011036999999999998,-0.002828
2021-04-30,0.002926,0.002167,0.0072809999999999,0.008587,0.002327,0.001073,0.039872,,0.042667,0.038391,0.040724,,0.0386269999999999,0.0386269999999999,0.029643,0.025349,0.001099,0.043278,,0.044488,-0.022673,0.01788,6.2e-05,,,,,0.005223,0.006959,0.023546,0.054181,0.034959,,0.0024490000000000002,,,0.078717,,0.036439,0.03479
2021-05-31,0.000834,0.002995,0.011613,0.007124,0.002091,0.001248,-0.000441,,0.0063549999999999,-0.008803,-0.006629,,0.0220089999999999,0.0220089999999999,-0.00508,-0.003984,0.003997,-0.007752,,0.022065,-0.007612,-0.022766,-5e-05,,,,,0.000577,-0.000184,0.012179,-0.009683,-0.017706,,0.023153,,,0.010350999999999999,,0.070576,0.043878
2021-06-30,0.010829,0.002654,0.009578,0.001727,0.005746,-0.0008759999999999,0.039242,,0.0063349999999999,0.036412,0.03813,,0.015558,0.015558,0.0314889999999999,0.030994,0.004288,0.0405959999999999,,0.014605,0.019881,0.046169,0.000182,,,,,0.00981,0.006359,0.0060160000000000005,0.036104,0.031083,,0.054397,,,0.023858,,-0.069559,-0.041132999999999996
2021-07-31,0.02637,0.000165,0.036356,0.018824,0.0127299999999999,0.0033339999999999,0.023759,,0.005213,0.002999,0.009682,,0.013156,0.013156,0.019802,-0.073464,0.027184,0.0116599999999999,,0.015699,0.0056279999999999,-0.065453,9.599999999999999e-05,,,,,0.014286,0.0030220000000000004,-0.010631,0.022868,-0.013293,,-0.066607,,,0.031225999999999997,,0.031519,0.02471
2021-08-31,-0.000803,0.000992,0.008056,0.002625,-0.002414,-0.000577,0.027766,,0.0217669999999999,0.036309,0.041851,,0.0323769999999999,0.0323769999999999,0.0275079999999999,0.035681,-0.0036049999999999,0.035594,,0.031623,0.026482,0.000984,6.3e-05,,,,,0.001127,0.001461,0.024849,0.029099,0.034541,,0.0011200000000000001,,,0.006956,,-0.007828,0.002591
2021-09-30,-0.040177,-0.005122,-0.0238269999999999,-0.002986,-0.01076,-0.002642,-0.021774,,-0.004967,-0.011954,-0.0124459999999999,,-0.032768,-0.032768,-0.026772,-0.024285,-0.035584,-0.021134,,-0.035271,0.02166,0.009256,9e-06,,,,,-0.023635000000000003,0.0038290000000000004,-0.004587,-0.026897,-0.011009,,0.129789,,,0.070735,,-0.02787,-0.005743000000000001
2021-10-31,0.015906,-0.005979,0.023513,0.00634,-0.003227,-0.0056079999999999,0.0309149999999999,,0.018217,0.017105,0.018829,,0.020874,0.020874,0.014563,-0.002597,0.017124,0.039577,,0.030209,-0.00929,-0.006993,-0.000843,,,,,0.002305,-0.005359,0.025675,0.042523,0.019105,,0.052899,,,0.010501,,0.00864,-0.005471
2021-11-30,0.03049,0.002339,0.0201359999999999,0.007512,0.0075549999999999,0.001687,0.013595,,-0.022357,0.021739,0.023703,,-0.015168,-0.015168,0.015949,-0.009795,0.0238649999999999,0.013574,,-0.016206,-0.018976,-0.009062,0.000847,,,,,0.012650999999999999,0.003744,-0.016688,0.003059,-0.014343999999999999,,-0.034853999999999996,,,-0.04354,,-0.001168,0.028384
2021-12-31,-0.02559,-0.003667,-0.01407,-8e-06,-0.0059,-0.002103,0.039448,,0.0417619999999999,0.0164589999999999,0.024203,,0.040163,0.040163,0.037677,-0.001192,-0.029751,0.0190189999999999,,0.037714,0.023685,-0.008796,-9.3e-05,,,,,-0.012493,0.0,0.043080999999999994,0.036937000000000005,0.012653000000000001,,0.004705,,,0.013954,,0.024168,0.004614
2022-01-31,-0.032417,-0.010206,-0.017165,-0.007913,-0.017866,-0.007416,-0.059962,,-0.0033989999999999,-0.055687,-0.06443,,-0.062255,-0.062255,-0.043116,-0.009003,-0.0217519999999999,-0.043291,,-0.05355,-0.064731,-0.019628,-0.000386,,,,,-0.025876999999999997,-0.006095000000000001,0.008761,-0.032026,-0.066651,,0.16109500000000002,,,0.088904,,-0.014971000000000002,-0.005909
2022-02-28,-0.0216279999999999,-0.0106489999999999,-0.009214,0.003264,-0.014609,-0.0057079999999999,-0.014937,,-0.0003529999999999,-0.021916,-0.020162,,-0.047797,-0.047797,-0.018182,-0.036876,-0.0244689999999999,-0.0249029999999999,,-0.039189,0.002633,-0.015495,-0.000965,,,,,-0.026682,-0.015378000000000001,-0.005583,-0.037136999999999996,0.002189,,0.059393,,,0.06930900000000001,,0.059248,0.062617
2022-03-31,-0.018639,-0.007859,-0.0062949999999999,0.001837,-0.0253419999999999,-0.016129,0.077869,,0.013536,0.063457,0.074792,,0.046138,0.046138,0.061192,0.002113,-0.023389,0.047594,,0.020318,-0.005174,-0.000518,-0.001358,,,-0.027273000000000002,,-0.010310999999999999,0.000558,0.039301,0.036816,0.028501,,0.115185,,,0.121457,,0.022374,0.04172
2022-04-30,-0.022085,-0.012054,-0.027229,-0.006145,-0.0321959999999999,-0.009259,0.008507,,0.003108,-0.024005,-0.033736,,-0.02911,-0.02911,-0.003035,-0.00981,-0.015138,-0.038058,,-0.01882,-0.037477,-0.027322,0.000513,,,-0.038740000000000004,,-0.024145,-0.009198,-0.015606,-0.014204000000000001,-0.033186,,0.030376,,,0.077739,,-0.020219,0.024618
2022-05-31,-0.02168,0.002092,-0.0269839999999999,-0.003593,-0.001941,0.003671,-0.069135,,0.006828,-0.0184569999999999,-0.0152489999999999,,0.008217,0.008217,-0.009132,0.001192,-0.0209859999999999,-0.002432,,0.001511,0.0219119999999999,-0.003539,0.000844,,,-0.051687000000000004,,-0.008855,-0.00075,0.039634,-0.001029,-0.005810999999999999,,0.129488,,,0.022574,0.004776,-0.033989,-0.037648
2022-06-30,-0.038319,-0.022787,-0.054931,-0.025028,-0.018111,-0.009065,-0.0588579999999999,,-0.06434,-0.0564109999999999,-0.0604349999999999,,-0.085234,-0.085234,-0.013057,-0.030598,-0.053128,-0.051821,,-0.070989,-0.053592,-0.001383,-0.000205,,,-0.07249,,-0.039853,-0.022053,-0.078006,-0.03228,-0.065888,,-0.126636,,,-0.075096,-0.08935399999999999,-0.019729,0.017539
2022-07-31,0.023524,0.015486,0.046326,0.030415,0.027412,0.011221,0.07588,,0.04844,0.058316,0.076032,,0.062457,0.062457,0.035019,-0.005745,0.028183,0.077462,,0.051528,0.077711,-0.013909,0.0008269999999999999,,,0.027989,,0.029101,0.013722000000000002,0.049618,0.070263,0.08913700000000001,,0.059428,,,0.029659,-0.0052190000000000005,-0.025253,-0.024118
2022-08-31,-0.066135,-0.032077,-0.024561,-0.012317,-0.032604,-0.016112,-0.015385,,-0.016942,0.023495,0.012336,,-0.021218,-0.021218,0.011278,0.0485489999999999,-0.0436369999999999,0.002386,,-0.023156,-0.012113,0.039189,0.000181,,,-0.099132,,-0.054633,-0.009087,0.016364,-0.004973,0.011666000000000001,,0.07615,,,0.043136,-0.013641,-0.027354,0.021363
2022-09-30,-0.079357,-0.045092,-0.0800409999999999,-0.052868,-0.038796,-0.016333,-0.094062,,-0.063202,-0.047801,-0.043513,,-0.052169,-0.052169,-0.037918,-0.078812,-0.106865,-0.053958,,-0.0492699999999999,-0.041955,-0.070479,-5e-05,,,-0.11674200000000001,,-0.081937,-0.03248,-0.05486,-0.045651000000000004,-0.064598,,-0.049048,,,-0.030044,-0.065957,-0.029746,0.014650000000000002
2022-10-31,0.037098,0.029585,0.01477,0.0121,-0.00538,-0.0004379999999999,-0.000663,,0.035958,0.011817,0.023439,,0.043044,0.043044,0.027821,-0.061927,0.0408,0.039393,,0.035627,0.00311,-0.079457,0.00185,,,0.041191000000000005,,0.04119,0.011848000000000001,0.076972,0.040503,0.047759,,0.15231899999999998,,,-0.030186,0.031890999999999996,-0.022715,-0.049286
2022-11-30,0.027354,0.018604,0.01376,0.00508,0.028191,0.010659,0.014126,,0.06634,0.016368,0.002106,,0.077427,0.077427,0.029323,0.110026,0.032966,0.034686,,0.078919,0.0509,0.09134,0.003953,,,0.051291,,0.036012,0.017467,0.029876999999999997,0.029866,0.026248,,-0.010065,,,-0.008508,0.032008999999999996,0.066733,0.028235
2022-12-31,-0.046083,-0.001447,-0.022099,-0.005885,-0.016227,-0.003848,-0.015909,,-0.014148,-0.021304,-0.0225539999999999,,0.001598,0.001598,-0.027027,-0.023534,-0.048714,-0.051543,,-0.007779,0.001201,0.003617,0.0030280000000000003,,,-0.097802,,-0.022711000000000002,0.005946,-0.039249,-0.052134,-0.044266,,-0.050946,,,-0.039272,0.007487000000000001,0.035423,0.024023
2023-01-31,0.027912,0.025353,0.022085,0.01043,0.025566,0.011287,0.0462249999999999,,0.04484,0.031881,0.0297169999999999,,0.052971,0.052971,0.002252,0.055011,0.026976,0.046569,,0.068547,0.0245659999999999,0.062684,0.0033900000000000002,,,0.039083,,0.035754,0.022214,0.053286,0.040908,0.06774,,0.018442,,,-0.024190999999999997,0.014862,0.057836,0.03993
2023-02-28,-0.034987,-0.0114799999999999,-0.023216,-0.008742,-0.020165,-0.0100659999999999,-0.014239,,0.015125,0.004277,0.009694,,0.0196819999999999,0.0196819999999999,-0.017228,-0.048777,-0.029217,-0.007113,,0.008265,-0.0095199999999999,-0.045049,0.003942,,,-0.062989,,-0.023703,-0.003731,-0.001686,-0.015522000000000001,-0.0039310000000000005,,-0.022182,,,-0.028443999999999997,-0.051254999999999995,-0.054917999999999995,-0.034487000000000004
2023-03-31,0.029221,0.002323,0.033645,0.021015,0.023159,0.014334,-0.072651,,-0.023582,-0.0040939999999999,-0.005613,,0.002923,0.002923,0.009909,0.009366,0.029523,0.010176,,0.0107549999999999,0.01583,-0.006974,0.002856,,,0.052912999999999995,,0.0097,-0.010579,-0.034346999999999996,0.02952,-0.045792,,-0.042192,,,-0.023541,0.0055130000000000005,0.080579,0.060646000000000005
2023-04-30,-0.015773,0.004813,-0.006769,0.0016539999999999,0.004114,0.003787,0.018366,,0.028657,0.007598,0.009767,,0.020507,0.020507,0.008302,-0.027633,-0.019879,0.001539,,0.022472,-0.0102709999999999,-0.02068,0.003964,,,-0.033339,,0.001997,0.002838,-0.000583,0.013033999999999999,-0.016585000000000003,,0.022477,,,-0.02685,-0.020833,0.004422,-0.012381
2023-05-31,-0.032585,-0.010999,-0.015634,-0.005596,-0.006057,-0.001787,-0.033192,,-0.041916,0.012774,0.015741,,-0.022878,-0.022878,-0.024701,-0.004339,-0.050278,0.004666,,-0.0417129999999999,0.02326,0.004449,0.003608,,,-0.061760999999999996,,-0.019483999999999998,0.0014149999999999998,-0.036756000000000004,0.040206,-0.014017,,-0.087915,,,-0.03842,-0.060469999999999996,-0.011303,0.006008
2023-06-30,-0.008283,-0.015247,-0.001731,-0.0049819999999999,-0.0024809999999999,-0.0052949999999999,0.009899,,0.009745,0.017048,0.023172,,0.009507,0.009507,0.006907,0.011276,0.01322,0.034215,,0.02492,0.026953,0.0047599999999999,0.003031,,,0.0060929999999999995,,-0.015193000000000002,-0.0062180000000000004,0.045427,0.026902,0.036105,,0.036756000000000004,,,0.009942,0.035757,-0.02864,-0.053017
2023-07-31,0.006682,0.022404,0.002244,0.006212,2.7e-05,0.005286,0.023025,,0.021372,0.026683,0.021798,,0.023145,0.023145,0.003811,0.04939,0.00248,0.021712,,0.018125,0.008513,0.040663,0.0050149999999999995,,,-0.002439,,0.020109,0.020478,0.034183,0.014453,0.036767,,0.053328,,,0.049544,0.069045,0.026635,0.016243
2023-08-31,-0.0016589999999999,0.005167,-0.0069199999999999,-0.001566,-0.002669,0.0033139999999999,-0.009644,,-0.025109,-0.007988,-0.006303,,-0.02487,-0.02487,-0.0053149999999999,-0.047324,-0.0091869999999999,-0.008363,,-0.025966,-0.005161,-0.039485,0.004924,,,-0.013264,,0.001145,0.002973,-0.017367,-0.002078,-0.023535,,0.034015,,,0.011049,-0.0053820000000000005,-0.014480999999999999,-0.00035099999999999997
2023-09-30,-0.009418,0.009748,-0.022953,-0.008213,-0.020686,-0.003226,-0.032124,,0.018109,-0.007974,-0.0050529999999999,,-0.010955,-0.010955,0.01145,0.0107529999999999,0.003031,-0.006192,,-0.012112,0.005697,-0.0017439999999999,0.005039,,,-0.037183,,-2e-06,0.012968,0.017103999999999998,-0.013385000000000001,-0.016226,,0.06835200000000001,,,0.034428,-0.00974,-0.044937,-0.008024
2023-10-31,0.001119,0.005793,-0.0035659999999999,0.0020469999999999,-0.0079849999999999,0.002801,-0.04835,,-0.036615,-0.028429,-0.0306849999999999,,-0.029735,-0.029735,-0.011321,-0.032987,-0.012563,-0.0230189999999999,,-0.029824,-0.008389,-0.019156,0.00507,,,-0.004774,,0.003596,0.00128,-0.039798,0.000301,-0.055884,,-0.044843,,,0.005044999999999999,-0.002186,0.07141,0.078233
2023-11-30,0.02905,0.01623,0.026734,0.0156,0.0362,0.014672,0.066661,,0.029912,0.0509009999999999,0.0526159999999999,,0.0575889999999999,0.0575889999999999,0.017557,0.033435,0.033067,0.048895,,0.064198,0.01252,0.02148,0.0045850000000000005,,0.030992000000000002,0.055517000000000004,,0.030389,0.016621,0.029189,0.042495000000000005,0.047491000000000005,,-0.039057,,,-0.065067,-0.014239,0.022975,-0.014733000000000001
2023-12-31,0.0494029999999999,0.02473,0.032701,0.018012,0.033527,0.015847,0.100008,,0.04031,0.0444409999999999,0.046073,,0.0488469999999999,0.0488469999999999,0.023256,0.0299469999999999,0.060823,0.0421999999999999,,0.0437249999999999,0.029628,0.035047,0.004847000000000001,,0.02774,0.08896100000000001,,0.041479999999999996,0.020301999999999997,0.046512000000000005,0.024284,0.088688,,-0.002149,,,-0.028991,-0.028889,0.012516000000000001,0.002445
2024-01-31,-0.0263839999999999,-0.002346,-0.017471,-0.002964,-0.002887,0.002494,-0.038856,,-0.008851,0.018193,0.020249,,-0.000161,-0.000161,0.015396,-0.045486,-0.037566,0.0133739999999999,,0.001682,0.042976,-0.0339239999999999,0.004946,,-0.006865,-0.056186999999999994,,-0.014548,0.008364,0.004336,0.029636,-0.02634,,-0.002354,,,0.0008719999999999999,0.01373,-0.008896,-0.004448
2024-02-29,-0.016472,-0.003864,-0.009194,-0.008197,-0.009559,-0.005308,-0.010032,,0.0019,0.03198,0.035449,,0.029838,0.029838,0.015162,0.053916,-0.010014,0.04964,,0.026556,0.050328,0.040644,0.0044080000000000005,,-0.00767,-0.025362,,-0.0075639999999999995,0.0006990000000000001,0.043173,0.055921000000000005,0.039824,,0.019507,,,-0.0071589999999999996,-0.012415,-0.0038469999999999997,0.005019
2024-03-31,0.025932,0.0145029999999999,0.0180479999999999,0.010899,0.009,0.0052,0.026311,,0.047466,0.035336,0.037684,,0.031398,0.031398,0.031294,0.023888,0.0201739999999999,0.033749,,0.037768,0.0073009999999999,0.023592,0.004645,,0.010402,0.045904999999999994,,0.020783999999999997,0.015444,0.060528000000000005,0.028297,0.038788,,0.086561,,,0.029411,0.044571,0.08565400000000001,0.08513
2024-04-30,-0.023697,-0.00482,-0.01252,-0.003774,-0.01864,-0.005345,-0.033611,,0.019871,-0.012969,-0.016795,,-0.010787,-0.010787,-0.022069,0.015606,-0.023493,-0.027934,,-0.019935,-0.0298179999999999,0.0228319999999999,0.00506,,-0.015205999999999999,-0.047005,-0.06505899999999999,-0.015054000000000001,-0.006874,-0.024878,-0.027771,-0.041822,,0.026982,,,0.041582,0.025164,0.032766,0.044379999999999996
2024-05-31,-0.001618,0.005679,0.0029409999999999,0.004149,0.009176,0.006765,-0.0055379999999999,,0.024019,0.007918,0.009896,,0.028828,0.028828,0.005642,-0.010564,-0.002539,0.027875,,0.03629,0.010869,-0.0056489999999999,0.004666,,0.00211,-0.007516,0.025687,0.0033950000000000004,0.008306000000000001,0.011506,0.014542,0.028218999999999998,,-0.035247,,,-0.0046429999999999996,0.008538,0.014193,-0.004049
2024-06-30,0.02161,0.007308,0.011125,0.008083,0.0077969999999999,0.006327,0.011195,,-0.007003,0.0356789999999999,0.038383,,-0.015112,-0.015112,0.0091159999999999,0.0461559999999999,0.0234249999999999,0.027857,,-0.017209,-0.01114,0.033355,0.004285,,0.010813999999999999,0.037743,0.027712,0.012121,0.01064,-0.011375,0.049143,-0.012177,,-0.000914,,,-0.004987,-0.019048,-0.001338,0.006794
2024-07-31,0.013221,0.01352,0.0127029999999999,0.010959,0.020467,0.01343,0.0596089999999999,,0.026214,-0.011892,-0.006359,,0.001101,0.001101,0.032662,-0.013724,0.008986,0.001588,,0.000309,0.02094,-0.021754,0.004966,,0.013539,0.015328999999999999,0.022671,0.01539,0.011038,0.029515,-0.006099,0.051585,,0.0036320000000000002,,,-0.06078700000000001,-0.03452,0.038228,0.024987
2024-08-31,0.009395,0.0037419999999999,0.009975,0.009165,0.0106329999999999,0.008072,0.023731,,0.00436,0.005263,0.000234,,0.016354,0.016354,0.023553,-0.010141,0.010026,0.0035399999999999,,0.017273,0.000704,-0.001292,0.004818,,0.016254,0.016638,0.031641,0.006039,0.006634,-0.003887,0.006136,-0.018027,,-0.038711999999999996,,,-0.016057,-0.003352,0.033545,0.010684
2024-09-30,-0.001034,0.006159,0.006356,0.00751,0.012046,0.008976,0.014535,,-0.008356,0.011205,0.001753,,-0.0134539999999999,-0.0134539999999999,-0.017751,0.044238,0.000166,-0.002023,,-0.015547,0.003029,0.055034,0.004423,,0.008916,-0.010602,0.011833,0.0021809999999999998,0.009677,-0.01122,-0.004879,-0.002054,,-0.051845,,,0.023163,0.038117,0.048973,0.029303
2024-10-31,-0.0238099999999999,-0.002899,-0.0144789999999999,-0.009621,-0.016394,-0.006471,-0.00557,,-0.016399,0.024206,0.024761,,-0.029561,-0.029561,0.018742,0.003808,-0.01547,0.022703,,-0.019281,-0.04357,-0.009412,0.004293,,-0.016217,-0.041325,-0.056600000000000004,-0.011187,-0.0042959999999999995,0.01628,0.012013000000000001,0.014969,,0.048816,0.014482,,0.023195,0.00108,0.041742999999999995,0.08495
2024-11-30,0.015907,0.007916,0.006705,0.006651,0.013253,0.006967,0.038013,0.0573949999999999,0.024881,0.039057,0.053163,0.075865,-0.012746,-0.012746,0.045992,-0.024013,0.0020269999999999,0.05836,0.072489,-0.011075,0.060139,-0.015778,0.004030000000000001,,0.008427,0.025532,0.01547,0.012183,0.010787,0.058738,0.044330999999999995,0.076862,,0.06343700000000001,0.042186,,0.016742999999999997,-0.0075509999999999996,-0.030316,-0.01866
2024-12-31,-0.0234859999999999,0.002885,-0.019687,-0.006086,-0.011826,-0.000188,-0.068869,-0.056778,-0.016202,-0.00344,-0.003675,-0.0481379999999999,0.000112,0.000112,-0.032663,0.013515,-0.021639,-0.011399,-0.049523,-0.008733,0.005222,0.015972,0.003845,,-0.009735,-0.06198000000000001,-0.050244,-0.006034,0.002134,-0.044934,-0.008119,-0.045931,,-0.067388,-0.027302,,0.022705000000000003,0.009783,-0.019393,-0.003709
2025-01-31,0.0069479999999999,0.00895,0.008692,0.00866,0.00444,0.0058309999999999,0.0362679999999999,0.033306,0.05508,0.042663,0.048577,0.048597,0.083684,0.083684,0.047403,0.026943,0.007411,0.04371,0.055288,0.082486,-0.000292,0.021739,0.004469,,0.002504,0.014628,0.0017480000000000002,0.010685,0.008438,0.054729,0.061272,0.04275,,0.049994,0.050852,,0.048663,0.044133,0.075132,0.08127100000000001
2025-02-28,0.007431,0.004277,0.010499,0.010233,0.014148,0.006855,0.0012859999999999,-0.00138,0.013086,-0.032895,-0.038438,-0.034665,0.015763,0.015763,0.015499,-0.007367,0.009694,-0.019814,-0.041419,0.022445,0.003652,0.015415,0.003776,,0.011286000000000001,0.010616,0.04234,0.004783,0.006742000000000001,0.000455,-0.025121,-0.045792,,-0.006841000000000001,-0.013324,,-0.004418,0.0,0.014354,0.0037019999999999996
2025-03-31,-0.0063219999999999,0.0,-0.000784,0.007554,-0.004548,0.003194,-0.050969,0.0034549999999999,-0.0226029999999999,-0.057358,-0.070641,-0.063817,-0.029053,-0.029053,-0.0238099999999999,-0.019249,-0.015193,-0.067476,-0.058756,-0.027427,-0.031771,-0.026642,0.003918,,-0.000549,-0.021475,-0.007483999999999999,-0.00799,-0.001452,-0.037762,-0.07459299999999999,-0.061339,,0.033597,-0.041824,,0.011252999999999999,0.038144,0.093806,0.068076
2025-04-30,0.015376,0.008833,0.002354,0.005453,0.009263,0.010704,-0.02439,0.004033,0.002086,-0.018647,-0.013836,-0.062539,0.016613,0.016613,-0.02439,-0.02226,0.02099,-0.024661,-0.048743,0.015325,0.01471,-0.044849,0.0035670000000000003,,0.0075970000000000005,0.016221,-0.007838000000000001,0.013243,0.011717,-0.057683,-0.038593,-0.026963,,-0.140152,-0.007717000000000001,,-0.073195,-0.038729,0.057561,0.024026000000000002
2025-05-31,-0.0135769999999999,0.0018759999999999,-0.009493,-0.002796,-0.0034449999999999,-0.000707,0.023337,-0.001959,0.0414179999999999,0.05197,0.052011,0.051368,0.045472,0.045472,0.007692,0.032058,-0.013593,0.049459,0.036114,0.037702,0.029163,0.053463,0.003691,,-0.008811,-0.030432999999999998,-0.0379,-0.002172,0.003035,0.021575999999999998,0.03252,0.047909,0.053232999999999996,0.004961,0.034823,,-0.021164000000000002,-0.012397,-0.007252,-0.012678
2025-06-30,0.016411,0.010612,0.016896,0.010452,0.009372,0.0058899999999999,-0.009153,-0.004417,2.3e-05,0.022087,0.021427,0.017343,0.004773,0.004773,-0.00827,0.0432979999999999,0.021183,0.026781,0.013469,0.005322,0.003866,0.037318,0.004404,,0.009714,0.027327,0.022555000000000002,0.015625,0.010113,0.023083999999999997,0.026821,0.030421999999999998,0.060929000000000004,0.035456,0.012107000000000001,,0.007012000000000001,0.030335,-0.00014800000000000002,-0.019255
2025-07-31,-0.00625,0.006177,-0.0010689999999999,0.003364,-0.001026,0.000935,0.034233,0.0375669999999999,0.039665,0.0552179999999999,0.070336,0.06341,0.015576,0.015576,0.018602,0.056434,-0.008588,0.049072,0.058233,0.012075,0.033165,0.056518,0.004017,0.001798,-0.00363,-0.018373999999999998,-0.002236,0.002484,0.006937,0.041767000000000006,0.02612,0.047828999999999997,0.041696,0.060125000000000005,0.041838,0.054535,0.028925,0.008122,0.00155,0.040015
2025-08-31,-0.008386,0.001995,9.7e-05,0.009052,0.005714,0.00697,0.003978,-0.0104529999999999,0.013823,0.008991,-0.004058,-0.00391,0.005381,0.005381,0.008816,-0.006147,-0.006075,0.005269,0.004602,0.011941,0.033429,-0.007265,0.0034460000000000003,0.000527,0.004463,-0.024604,-0.006724,-0.003553,0.0063419999999999995,0.025806,0.006071999999999999,0.030373,0.094403,0.017857,0.00764,0.002567,-0.005076000000000001,0.024169,0.044359,0.022885
2025-09-30,0.0063419999999999,0.005361,0.008364,0.001246,0.007988,0.0027389999999999,0.0106299999999999,0.013445,0.013789,0.03043,0.026188,0.008636,0.021037,0.021037,0.015605,0.074953,0.003226,0.0361439999999999,0.006871,0.025632,0.027109,0.071935,0.003962,0.002221,0.006711,0.012757000000000001,0.041641000000000004,0.0070940000000000005,0.0045119999999999995,0.023809999999999998,0.034587,0.023435,0.125824,-0.002995,0.009569,0.09493299999999999,0.030750000000000003,0.023599000000000002,0.11183199999999999,0.11792299999999999
2025-10-31,0.0267859999999999,0.010055,0.010031,0.002157,0.007631,0.004696,0.009934,0.01374,0.037072,0.047957,0.054884,0.016346,0.038115,0.038115,0.006761,0.066385,0.031306,0.045528,0.014785,0.038071,0.06125,0.075514,0.003961,0.009108,0.007837,0.054379,0.009354,0.020502,0.009371,0.023256000000000002,0.05586700000000001,0.026462,0.056664000000000006,0.023556,0.028598,0.062813,0.050533999999999996,0.020173,0.038076,0.063434
2025-11-30,0.003069,0.002866,0.003533,0.003891,0.002207,0.0034899999999999,0.012247,0.017386,0.003739,-0.008602,-0.014487,0.008041,-0.000527,-0.000527,0.0158729999999999,-0.032807,0.000602,-0.005139,0.011208,0.011309,-0.018094,-0.0362349999999999,0.0033239999999999997,0.002942,0.003218,0.0057669999999999996,0.001268,0.001358,0.003069,0.021869999999999997,0.012112000000000001,0.008768,0.045956000000000004,0.02261,0.004423,-0.021456,0.025495,0.020716000000000002,0.055386,0.048218
2025-12-31,0.00153,0.004963,-0.004568,-0.002226,-0.002706,0.001821,-0.023191,-0.020305,0.02192,0.001387,0.000336,-0.002089,0.026219,0.026219,-0.017428,0.01453,0.001093,-0.00665,-0.000185,0.026044,-0.00233,0.009376,0.0037140000000000003,0.0028000000000000004,-0.003653,-0.0017130000000000001,-0.015004,0.0038169999999999996,0.005124999999999999,0.01133,-0.004829,-0.005849999999999999,0.023355,-0.017416,0.00392,0.030198,-0.014047,0.005535,0.023517,0.007257
2026-01-31,-0.000509,0.003741,0.005353,0.005868,0.002812,0.003647,0.005312,0.012754,0.035452,0.005433,-0.001585,0.001332,0.028099,0.028099,0.004281,0.066574,-0.001365,0.00222,0.0009239999999999,0.023171,0.032539,0.0864569999999999,0.0029289999999999997,0.00272,-0.0015199999999999999,-0.006324,-0.0069240000000000005,0.00221,0.004947,0.039004,-0.005274,0.035602999999999996,0.113326,0.09990600000000001,0.009123,0.10602600000000001,0.09518399999999999,0.077982,0.153594,0.134336
2026-02-28,0.020886,0.00656,0.017781,0.009038,0.015161,0.006933,0.092967,0.097231,0.0596849999999999,0.03323,0.027945,0.04999,0.04157,0.04157,0.0682099999999999,0.076318,0.017661,0.028569,0.051777,0.048305,0.108967,0.061344,0.003435,0.009257,0.016479,0.037794,0.044622,0.013300000000000001,0.00515,0.056708999999999996,0.009968,0.060609,0.114176,0.10235200000000001,0.060653,0.10495499999999999,0.011504,0.027233999999999998,0.048568,0.069477
2026-03-31,-0.038423,-0.01822,-0.01747,-0.005048,-0.019326,-0.0102659999999999,-0.07853,-0.015444,-0.066897,-0.072297,-0.0632139999999999,-0.045257,-0.089575,-0.089575,-0.042189,-0.111568,-0.038953,-0.044889,-0.062303,-0.087963,-0.052504,-0.104441,0.002197,-0.016895,-0.020529000000000002,-0.069918,-0.043669,-0.031398999999999996,-0.020267,-0.027589000000000002,-0.060479000000000005,-0.058863000000000006,-0.054854,0.164526,-0.06318399999999999,-0.114634,0.142839,0.110191,-0.117994,-0.101724
2026-04-30,-0.005189,0.0037719999999999,0.00542,0.009248,0.001366,0.003756,0.053145,0.002486,0.032393,0.084752,0.077619,0.035457,0.045709,0.045709,-0.010714,0.11144,0.001062,0.063762,0.041363,0.048275,0.012735,0.121208,0.00357,0.00221,8.999999999999999e-05,-0.015795999999999998,-0.00329,0.000623,0.006535999999999999,0.031869,0.063031,0.058826,0.046327999999999994,-0.0639,0.037141,0.119677,0.004577,0.059701000000000004,-0.000106,-0.02484
2026-05-31,0.018258,0.012626,0.008322,0.002838,0.006317,0.004096,0.017634,0.007439,0.011733,0.069894,0.061993,0.043765,0.058853,0.058853,0.016245,0.105983,0.013459,0.054531,0.049874,0.043262,0.055632,0.073608,0.0036720000000000004,0.008887,0.0044069999999999995,0.031208,0.004301,0.018956999999999998,0.012377,0.049340999999999996,0.053827,0.04629,0.026261999999999997,-0.04813100000000001,0.040887,0.13713,-0.021419999999999998,-0.023944,-0.010716000000000002,-0.00159
2026-06-30,0.010758,0.00668,0.000281,-0.0015359999999999,0.003898,0.002457,0.031124,0.012986,0.002144,0.001166,0.002248,0.039825,0.018675,0.018675,0.0136179999999999,-0.000298,0.012178,0.008874,0.03963,0.028008,0.0148399999999999,0.005007,0.004264,0.004685,0.007254,0.016023,0.016335,0.008257,0.00649,0.023690000000000003,0.008779,0.032445,-0.09948800000000001,-0.039915,0.014176,-0.010752,-0.073068,-0.085859,-0.120656,-0.10569
