Date,PH-NBF,PH-ARG,PH-TFC,PH-CTB,PH-SPW,PH-PEU,PH-CMC,PH-STR,PH-MSW,PH-ORB
1999-01-31,0.026260027062399726,0.04599438637897994,0.0632856142792485,0.1354410671374648,0.05031133348768588,0.05012448388262189,0.03605439613291494,0.09460095122870031,0.07342457142765184,0.07857059574021474
1999-02-28,0.057722815264149935,0.02424892106873872,0.04796126935653875,0.035139245030978344,0.033963476326029085,0.006034892253852859,-0.0005585618203543113,0.031710040639427506,-0.007688797972239078,0.06056499181658834
1999-03-31,-0.0013288626072689852,-0.009429431977871291,0.06530182125518601,0.05120285117967386,0.003982402031889376,-0.01585633446454926,-0.04738793085069824,0.035996163551547194,0.08442176153012457,0.1421165965741248
1999-04-30,0.0011843884866112597,0.03406076136101452,0.05142876804202243,0.04123607241593538,0.021409498043248678,-0.005935416448652258,0.08684752958479672,0.054182032964200585,-0.05209033525289684,-0.07773253373377698
1999-05-31,0.004817415351694174,0.0023936523869197077,-0.051850474723912944,-0.0009239558641978909,-0.03987571963928585,0.018284590335845095,-0.04944992850980373,-0.04727008873188603,-0.012904241000251247,0.0021143869250290354
1999-06-30,0.017116064025694,-0.010838398975713977,-0.00806505627917818,-0.005759355515338583,0.028332693706539316,0.010256541544412752,-0.01066852514301347,-0.06515515962335057,-0.0023904802390969137,0.06664372629767631
1999-07-31,-0.010433768965427245,0.008786234316065542,-0.009735124800174832,0.009536569687354144,0.027046421199910943,-0.0033250190768872763,0.014531911714581857,0.01490257669094085,-0.009983728340530684,-0.06989507095479751
1999-08-31,0.006274738951973156,-0.010012068690441508,0.032573508843615775,0.035488514987225474,0.024260435597685294,0.00016818539726546917,-0.08909011082281683,-0.06942015362035248,-0.06139134913347906,-0.003683085581251258
1999-09-30,0.014253045427542644,0.04062998407154192,0.03163563553861644,-0.01835263563300625,-0.0016554614256085653,-0.011461431356130852,0.14058204290480597,0.02808318370739285,-0.03874519650105117,0.001887967743925154
1999-10-31,0.01961179398898622,0.039426057916996375,0.02790403130713855,-0.021131117144027822,0.0056968943086644006,-0.016095189032929745,0.02189019184902273,-0.010444219468073276,-0.05550026072953508,0.012055118644972067
1999-11-30,0.017206590619143286,0.007508191731286585,0.03300217441863315,0.05494445929468812,0.006648802899601472,0.041326835865865066,0.019776828459130105,0.0934973250652843,-0.00030880757912843566,0.04327971517182197
1999-12-31,0.027297614621933305,0.030302896829436182,0.06601708575537295,0.083871562114216,0.05111052773801309,-0.0019573568627375797,-0.01717231280320008,-0.038475325908924864,0.05418635677774681,0.056890713079890895
2000-01-31,0.018205991567417604,0.01749536165649051,-0.022989389167409523,-0.003072774820936666,0.0028722405568881552,0.003432165779100905,0.1076300790643242,0.07362186692147397,-0.018488930271354346,0.016548460637107423
2000-02-29,0.05921555663706679,0.02422191669878679,0.03016564074586234,-0.025407849121114993,-0.0024572831415092386,0.017394317467472557,0.0913658070362207,0.09167738492669258,0.03292470150547527,0.03260019904494238
2000-03-31,0.011826949307689134,0.009149572712503305,-0.03376904887541496,-0.029659528878926363,0.010051736693417367,0.01357552088425999,0.04082381632497056,0.036662018059968396,0.04645182466574097,0.047205238760804964
2000-04-30,-0.01413003611065447,-0.06310392840296447,-0.022526583049313605,-0.06609349151230715,-0.02260953358430091,-0.015282048070424499,-0.011287831767179478,-0.059810093918639104,-0.14371079777324702,-0.14969539718837527
2000-05-31,-0.023774152173083797,0.013391718654458203,-0.08645122328133664,-0.022813445339077025,0.015290056297806408,-0.02303758658201359,0.059242575066930904,0.10854841534147666,0.008106880836722296,-0.04070721228288737
2000-06-30,0.03162430701467735,0.06809180038933309,0.15857280711547,0.08893595118847691,0.06486287067328972,0.05811066899331737,0.009879588381720372,0.061114982321687196,0.1451445564230483,0.13419104366268847
2000-07-31,0.02298227986264031,0.007132333425620497,0.007963457038138822,0.01060611552537508,0.016236900028074194,0.018709011832502384,-0.09232108796344685,-0.0421160500604434,0.009999443337059558,0.02990647975461283
2000-08-31,0.04065930414355777,0.040877181267668525,0.11648800388095193,0.0812922257085863,0.032719744317544874,0.04152833786172646,0.1125090213456711,0.059128264730484846,0.1224200604271714,0.11335329732528954
2000-09-30,0.060416017964958026,0.057035745351967496,0.15680865939542643,0.1383896626663658,0.0515018726856177,0.020771418306981874,0.06757417803409554,0.11377386860854337,0.15679369438125434,0.14739523956839132
2000-10-31,0.038956929243966626,-0.0070737661131977814,0.04031753951233811,0.03166986064279145,0.007372371834329081,0.02868206919013319,0.13821043054860488,0.046879948595024874,0.10034772834582185,0.08764511917150963
2000-11-30,-0.02850951551858738,0.001087467338789254,0.05231334097065368,0.017219327565562985,0.01653838291632551,0.021904112363331545,-0.0501957760024094,0.07843354619962958,-0.00870703510854786,0.030541327268423568
2000-12-31,-0.004512238765100665,-0.02464911312047985,-0.09028036839028439,-0.06813384861158651,-0.016860245795184896,-0.028858197731168718,-0.043283335015712174,-0.08663353003197406,-0.04821539994706772,-0.010243299818762333
2001-01-31,0.02594504864296149,0.021956669386475225,0.07569343665715786,0.03869928956924968,-0.025178554837443835,-0.007755140369811333,0.05289967354773171,0.03747932273955027,0.07484103820400231,0.04160320970198664
2001-02-28,-0.013405554403751577,-0.01823532304812156,-0.015550760093103626,-0.03871002368234733,-0.00027592710099463673,0.006149324504587715,0.1020745349186391,0.022761225078403405,-0.11963010207012964,-0.1467732903647198
2001-03-31,0.03537925764458678,0.03078003922592558,0.03623451565948847,-0.016395247498017147,0.013374437813218086,0.0003167947060974379,0.0569986654417332,0.07784433166823326,0.08470896468920389,0.05765308258482716
2001-04-30,-0.012848798680638802,0.04441921286345743,0.04000771348133448,0.052274382817198324,-0.0031726069855035136,0.03618781568847186,0.12873394801512766,0.0034414100750337698,0.05402862181759139,0.03956631052182111
2001-05-31,0.014756208979308925,0.05301632758674598,0.018841799619121524,0.04079882116364299,0.016324612279817217,-0.010799213851853765,0.09442162697437184,0.13135561985893002,0.005561351581169514,0.07121936582170954
2001-06-30,0.0189200160969134,0.034904110524066,0.06684940742695233,0.05603293340536,-0.02606855223624621,0.022436405604655887,0.02514151300298756,0.10249461000124634,0.09823238867128914,0.020276747784434383
2001-07-31,0.06416217063448086,0.050092887773490725,0.04086179100519773,0.08411286012070852,0.0019312744312587615,0.01671198499463098,0.09445840561978008,0.09323450910570664,0.04471255749691291,0.13956531651426954
2001-08-31,-0.04475377382455818,-0.07744720631405796,-0.04233461784818142,-0.0582685800203813,-0.014233456304632467,0.00025371865843547454,0.035959072348101764,-0.017759836721608475,-0.05042038513204539,-0.12408398996582554
2001-09-30,0.016140004125760707,-0.022934083172348095,0.06360560953398303,0.050017179957765494,0.03386417882380815,0.024896747691484557,0.043813452604000006,-0.0037024234614601755,0.01630789632796148,-0.017069936571057938
2001-10-31,0.008953799723250402,0.02917850524158036,0.04565306674132241,0.04154709512975947,9.174798337984076e-05,0.00720576758723325,0.02358653290482855,0.08103711888224871,0.0711893784088248,0.014048097137949765
2001-11-30,0.035519640539549896,0.058447950860398515,0.07687966691883985,0.11695014246659964,0.04361868155429855,0.028108571339222954,0.013660895315518187,0.03808448408351296,0.10712873832774071,0.11930929457838327
2001-12-31,0.029982260492906487,-0.0014079334279269856,-0.012767287899859816,-0.03210943300335322,-0.011390879228185668,-0.01349006611569472,0.054093284391190065,-0.017632340565516116,0.02231152285416779,-0.031187228035341352
2002-01-31,-0.00830064020255154,-0.01457545231802751,-0.003441652951739321,0.00029157234579712393,0.028044782353850453,0.004944067774870341,-0.002129543858124975,-0.05130896235286738,-0.03083748863462365,-0.046891503185949035
2002-02-28,0.060369953635641474,0.01174565715156985,0.0945086465917016,0.1275509647415865,0.031019342435072973,0.029637156964152755,0.09543777147084624,0.13157968655015848,0.08624781414434488,0.09499455461153641
2002-03-31,0.012216339234981707,0.010340648937046712,0.01064781745336898,-0.025521608142369534,0.02336547046283403,0.02001920783696189,-0.010188877809983206,0.06204423150787246,-0.004544614570371069,0.011392139546627279
2002-04-30,0.04881000116640481,0.08721138189203104,0.06965126466979485,0.0530813657626585,0.03824841446151264,0.014791705224541965,0.05434551290368789,0.016987071143040183,-0.004543184791064261,0.029422677908213762
2002-05-31,0.018297329507148907,0.03108144400656538,0.019173814087845225,0.03504766490039924,0.020426793446680636,0.011422744483165746,-0.07003099020326173,-0.0022574104023734033,0.07724378573830941,0.06674606084961145
2002-06-30,-0.04537979878764445,-0.026651174093905855,-0.06492584869773363,-0.07638681999975452,-0.021083648168625145,-0.013665261256893614,-0.08851390189298244,-0.13154660056481615,-0.060594463821112485,-0.15160257139102834
2002-07-31,0.009949788621756779,0.0028004797107424144,-0.07718823278007246,-0.028678228790507715,-0.009766408670025258,-0.006463876127480148,-0.1237974005504934,-0.16660184948714446,0.030303410565645977,-0.025734418178920655
2002-08-31,0.03497744667714871,0.004005019298002183,-0.010225257258668439,-0.005442707549988942,0.03108892078325322,-0.012694248550458715,-0.030687623331849673,0.0353847692538327,0.004896933676117682,-0.007609182480207182
2002-09-30,0.0060039146125805895,0.022771029038644256,0.047866412273824946,0.017997020892517097,-0.0010731013337353084,-0.01557983848961415,0.04027013573563873,-0.03585643421770889,0.008196526089405947,-0.012587607601451294
2002-10-31,0.011707055858982289,-0.010408001598170468,0.042669395200327864,0.06257471517572066,0.026133826164708433,0.0008877738652553584,0.03269200191074419,0.05413432186204836,0.179602951777187,0.11585527342916763
2002-11-30,0.03229893038967829,0.007371552092088424,0.03788653596317522,-0.004558523540761899,-0.0029461276432469,0.01616867703057011,0.017854123820882917,-0.02912157661976817,-0.02837811915779826,0.04473567668069301
2002-12-31,0.026680959066241614,0.03200712450432575,0.025780335491711708,0.05060716880499884,0.029229148527867954,0.014724350477847752,-0.08141525730862094,0.07867242328134483,0.0891292505661476,0.060046252986766885
2003-01-31,-0.030953215163951404,-0.027165260879639132,-0.02883096217456635,-0.14165590955738797,-0.030817648029331266,-0.024070535942023942,-0.09209578710288657,-0.09774269093284381,-0.044668683089446055,-0.01757087340054242
2003-02-28,-0.012982433787105833,0.0065950864726259,0.04058263945462277,0.00500783492818234,0.006941670460125888,0.0081300780665015,0.047762721556367085,-0.02226596791085949,0.0017644769126049348,0.002905661049672619
2003-03-31,0.010689539153854882,0.006958394130860966,0.025618462493498237,0.01767417971725381,-0.010852435786347644,-0.00576562141142428,-0.04673425663347571,0.017490788288347468,0.1476338758057781,0.09449419558624922
2003-04-30,0.053218390266994986,0.006716587774792612,0.08261663313279471,0.09481925802395474,0.005510855304270434,0.03053297237848951,0.019433068418514977,-0.05235955902229544,-0.016284189911641368,0.028388839652623447
2003-05-31,-0.019506954311587367,-0.0008485124395428909,3.6892219046555375e-05,0.020895423616357572,0.01997260202818859,-0.0018385570874089882,-0.00195690924329716,0.05672510090956972,0.15973280357807806,0.03725728926234908
2003-06-30,-0.027532647941117733,-0.05533006969515034,-0.03325907217350421,-0.004729205351244933,-0.0009139208013481583,0.0017919919063358455,0.09679006582600161,0.03929991108925421,-0.012500368530656069,0.05333723804987651
2003-07-31,0.03146754963326489,0.05159457874476874,0.13446119722046718,0.09180585166234034,0.020703427146301787,0.03709363846948992,0.12347257664289926,0.09472819426609608,0.08601461450798899,0.09921276185534594
2003-08-31,0.033104986481288456,0.01954433273941583,0.041855256953854225,0.050583178669326954,0.004491740321725914,-0.02246208848667091,-0.062028879582960175,-0.04637339670038425,0.018421307884870036,0.0866790528187889
2003-09-30,-0.025564399137057648,-0.001910731551514673,-0.07684232612876103,-0.13301280192657225,-0.010552960408099797,-0.005273182511449637,-0.0967693393493754,-0.0459240328993422,-0.025087172969590163,-0.07412935175495708
2003-10-31,-0.013186058172253495,-0.0054413620699938475,-0.07878036347746553,0.010917362425585456,-0.03704566223259716,-0.02610021574168197,-0.031104621943935325,-0.13654730805114207,-0.11646644080251985,-0.10581227999265937
2003-11-30,-0.031844305039600604,-0.021845858487369234,-0.08292340169515298,-0.09829791075029833,-0.007618172463125703,0.0006440239066271237,0.06461066477283933,0.004024982203414757,0.027566953708169917,0.016140915184861927
2003-12-31,0.04670245505783221,0.035833336293720916,-0.0021566575418445616,0.03502114768151092,0.04131503803962547,0.019254623691332275,0.07863572002918005,0.06379387003116503,0.0012985943222325932,-0.03279535441011445
2004-01-31,-0.0167659688265138,0.015855210673983332,0.03221580079221392,-0.012545038536541096,0.012440834565869335,0.003966941769840309,-0.038613909068729316,-0.023520515447633016,-0.06175959609961907,-0.06525046516348929
2004-02-29,-0.029102375915930276,-0.05408970022133243,-0.10014789919981343,-0.07895925672105392,-0.046895467057255884,-0.032943144502993564,-0.17902313920964102,-0.14494670528763406,-0.09391836197751716,-0.13666524361334187
2004-03-31,-0.01151297781828214,0.02460218918717679,-0.004290692870468474,-0.011997330503158862,0.009195535675338658,0.032583017586447494,0.019194586312400175,-0.0013591068333699968,0.0160692730964812,-0.012235352408715445
2004-04-30,0.05534779844059221,0.0425250386283918,0.0576656541227207,0.02704891300079116,0.04837573049679751,0.021214063888081253,-0.00938116668694148,0.09429782880984516,0.019627910772593987,0.03578100710907137
2004-05-31,-0.012979162337501134,0.0053411944822596615,-0.023354674626222587,0.007286096358105238,0.00554942325042219,0.003249691393633872,-0.04016512599887411,-0.03324706786110957,0.0731067523033703,0.02171568103888474
2004-06-30,-0.03355428510349949,-0.0286041709876241,-0.025940606792712362,0.036994241705990506,0.019011148895702767,-0.021723073508592285,-0.01707140047374381,-0.02732278181541089,0.04145976562243511,0.007686929914306584
2004-07-31,0.01963736356743844,-0.0358947785919884,-0.035588225504521384,0.03740721917241596,-0.00023681006425691127,0.020398294592241302,-0.05080448850088608,-0.055326604378150034,-0.06975494496742887,-0.0896165786404077
2004-08-31,-0.04513838189128887,-0.0467390622172903,-0.11799416650597427,-0.12618934847091817,-0.035691108382602296,-0.03615402893787514,-0.04777277585878985,0.034229299768889825,-0.07147640187142572,-0.08599128115548406
2004-09-30,0.0456375712145143,0.10749539641686291,0.12621286897353082,0.19029053140873425,0.029049057582390174,0.05279701442474698,0.15968126226977492,0.14560058499338496,0.035929388647231955,0.0965074921816123
2004-10-31,-0.02464773964040988,0.013793568877846819,-0.02272115947865575,0.005081975031983068,-0.03068506789345315,-0.010531323266521113,0.035455575838955075,-0.006178137135480063,-0.013594519394407922,-0.016367296313354335
2004-11-30,0.021659826034210267,0.03589877203970594,0.051534840264554134,0.11305402773998409,0.01949926637990634,0.003782428817959085,0.02383066897194948,0.043783262952252835,0.10802226965563386,0.07423501100233032
2004-12-31,-0.03113365458789882,-0.026277079463566128,0.00040527248701587373,0.01593620210407908,0.018428566054696085,0.010277479346400054,0.02453947555592437,-0.02645815657870816,0.016972048258014454,-0.01120280913411291
2005-01-31,0.015366598241768937,0.04847407556330157,0.03335394001594949,0.08664714794389503,0.01415721468944815,0.03617847362328831,0.036276229415092225,0.04707318974158211,0.10390744332201815,0.10269951497119918
2005-02-28,0.018347334472369213,-0.01009888299968367,-0.10228531161269966,-0.05588220552828199,0.0031245963305572937,-0.005693442969126457,-0.022071061578829508,-0.02418438831184895,0.013467944330336821,-0.03865102239745458
2005-03-31,-0.004630136596559146,-0.03560486234342246,-0.13552297114575687,-0.10431658574662178,-0.008072216827105879,-0.015716631054232506,-0.08205335191307372,0.016269825565642857,-0.08044004406104352,-0.006720438531783109
2005-04-30,-0.02324603706972516,-0.055250873546103425,-0.06848049972291757,0.025919532034652686,0.002571024644924912,0.001110443012970096,0.043333399564401624,0.03187006918046406,0.0364373731945033,0.11996414418966937
2005-05-31,0.025636468343922348,0.02665721770253263,0.052414294102574914,0.06305143612525126,0.04622103465780902,0.036057834890284295,0.21749742706453964,0.17595069411428185,0.025677381961624713,0.05716868536337563
2005-06-30,-0.04640772141634561,-0.044852390042140186,-0.01727594584563789,-0.040073408561663845,-0.012472907530626142,0.009435620671889099,-0.05691949942573529,-0.04942073075933551,0.004846679039228308,-0.06050899238320392
2005-07-31,-0.017976813015283113,-0.03133083331109808,-0.1524971648769723,-0.16362882561580697,-0.020607553903471517,-0.012587883110393295,-0.11958525427861613,-0.12256730526330636,-0.06149154209940062,-0.042357111227441666
2005-08-31,0.059992531443281386,0.027705352069627584,0.04341206795654398,0.07463379323411093,0.0022250660428966684,0.0138837543483534,0.046273407163115995,0.055927536825707946,0.03808233825776761,0.009644131944280251
2005-09-30,0.04181435160664418,-0.001169596599780113,0.006731785030452759,-0.0029215685835720165,0.005947416836774707,0.018264182987365117,-0.09988353235034553,-0.01066422188051197,-0.005051087757795437,-0.03935065817046479
2005-10-31,0.018945746435232395,0.033967644024046256,0.009868740156800154,0.021723706119704103,0.021260281562594737,0.020422961990192834,0.03533994076146836,0.15552799941184114,-0.029401842943941527,0.06353711026780375
2005-11-30,-0.011812590125455966,-0.015272297773536172,-0.04041470963072089,-0.048816102972742734,-0.025943552982219016,-0.01489572806266341,0.029865536884860364,0.005476441330682511,-0.02086874643168594,-0.049586464736038983
2005-12-31,0.030783923303493894,-0.014289963049431358,0.010624826361699811,-0.015642317609104714,0.012141475687911314,0.01427031696676609,0.02594396435404132,0.04381757616461726,0.0026716880814234498,-0.007123200327883619
2006-01-31,-0.0071506127965382076,-0.004639203160579176,0.09036855351177635,0.021213899000573737,-0.029031428463714967,-0.007727235988389829,0.09187188386404388,0.0024458280152447123,0.03655863391523153,-0.03529683969659007
2006-02-28,0.03783847304376245,0.04290633639773843,0.11239121371763071,0.13658686302431847,0.05754648270489697,0.0403657889435278,0.0020860438293386907,-0.008401201227281684,0.1326425138693868,0.09457448377239328
2006-03-31,-0.03167942409229374,-0.03646743473853823,-0.06152538224197317,-0.13593073253645543,-0.01291493355715886,-0.014486700593494077,-0.07181496701620922,-0.14521244788957788,-0.14173779281610738,-0.025981707473179974
2006-04-30,0.005887692026796948,0.006211988391251344,0.04737138366956188,0.04792358780781898,-0.02325657146030405,0.016636312555601565,-0.03738616614959965,-0.05075147315491124,0.06357921778912747,-0.038202966109266656
2006-05-31,0.0620357558472055,0.08851587850262574,0.15603018130479224,0.1639829748662562,0.03962105913430593,0.03511511773286109,0.12364190282764605,0.09680069755051272,0.10714167132562258,0.23188647157002013
2006-06-30,0.03445112199880009,0.03129543786215005,0.0775967299248333,0.01116773549697305,0.036646431393767116,0.034003751719954664,0.0381218233932998,0.05893388874718906,0.030551748840966005,-0.007335378129343945
2006-07-31,0.005428265706192353,0.008273615127906668,0.005001032891707304,-0.002471872936210505,-0.0029441604324958962,-0.0063106092332357745,0.05438119413935381,0.025925378785548403,0.010534539822654322,-0.025676553020313308
2006-08-31,0.0009736444257879779,0.002042239207297108,-0.003426096707317146,0.05427557101223432,0.0010779594904596831,0.005150827401575429,0.055870299256091806,0.039935003656047866,-0.11211684988262016,-0.036413507027780075
2006-09-30,-0.001844535443635156,-0.03757388150032556,0.021297777668631192,-0.035377262548777384,-0.03827113266223858,-0.014420733610622755,-0.15536172642459217,-0.06674022132251223,-0.07894433801714798,-0.023691853855941025
2006-10-31,-0.04729783043801188,0.026751515348973583,0.08045516752728438,0.0227282569009898,-0.0010241331623983842,-0.008814316388916471,-0.07580532265137635,-0.014584806309860207,0.11983498046023337,0.1269488521182009
2006-11-30,-0.004991706124029863,0.008271646588161052,-0.08390638913802843,-0.06582647303767492,-0.017193274128644468,-0.008686404506035961,0.0131809265717375,-0.059712329406374054,-0.04531025629254888,-0.015790190816239957
2006-12-31,0.005291108056928312,0.019919650057107358,0.07073451165143366,0.02478226246779982,0.009069992418208227,0.03269565582442885,0.038563185370129385,0.003377769132639638,0.010773708709949082,0.09439842453356642
2007-01-31,-0.03383363973165568,-0.032102271022851826,-0.06411172853589159,-0.0344137381538724,-0.02703987750380684,0.02349753558194322,-0.05916296621342955,-0.006345980013772023,-0.022611073711142973,-0.06642713069728946
2007-02-28,0.0022404992983153862,0.05476178294676944,0.12945877712672021,0.05401959826531735,0.013557968924655009,0.003617825387062734,0.03651645897272213,0.02861330808233959,0.0733114088154556,0.06565380451403961
2007-03-31,-0.02786768237762201,-0.01467147093968413,-0.010063587859423467,-0.0025466751034892866,0.019794212046025297,0.02269270137707445,0.006777626813077321,0.03747458767661408,0.10721628598730104,0.06824381254067055
2007-04-30,0.0069558767034169616,0.016929702255945464,0.007932377014229282,0.015246132689727122,0.01440498231876472,0.00844668114126007,-0.009569508470996647,0.0031419763304773164,0.003781241117397978,0.03274059680384084
2007-05-31,-0.035994501085142835,0.0039874920142528684,-0.038313639171953996,-0.05206407567403576,-0.056057217420272046,-0.011337891667628462,-0.053429522435711654,-0.07717408211158587,-0.06227681052336204,-0.018783034310592077
2007-06-30,-0.023298174829585804,-0.027710749056945542,-0.07929325189742992,-0.1018060069849502,-0.016582503274654103,-0.0030392590802227476,-0.12014691521586338,-0.08239881574095034,-0.05239145269477367,0.005723330531342663
2007-07-31,-0.008297941807303026,-0.031013420066676404,-0.03849557863711105,0.029483650792926596,0.002319310204526943,0.018463492519352063,0.01607526301548498,-0.04613592795278902,0.02832710030035298,0.07478505959103203
2007-08-31,0.062386505532273026,0.009566855878135343,0.01921011116595854,0.05081935651236338,0.02610968605950602,0.01960048725293977,0.008987078805098653,0.016329996747780066,-0.010711738458571499,0.009021805864699835
2007-09-30,0.009489950494965847,0.0235611749760552,0.034842674097979746,0.01830305100004054,0.016986544287282662,0.02981748788400084,0.0700385372694602,-0.03605432971134497,0.07350531045368641,0.03963794771395766
2007-10-31,-0.0006659467934572287,-0.01082492072266074,0.02384580317239006,-0.03616560260132471,0.015109609215985502,0.03401643903960986,0.06404762377792923,-0.012270222624428713,-0.005808548270369845,-0.008079704647906092
2007-11-30,-0.02795155881988595,-0.008107280608354327,-0.019847146395417417,0.0593691242103418,-0.04625745777720089,-0.011840446131255048,-0.0065191386030370585,0.0292885371147089,-0.02245187429792582,-0.11684042591769256
2007-12-31,-0.05187690450564548,-0.025805693021364543,0.0340861567865043,-0.006407391290759757,0.025148200818443857,0.022263959361699705,0.08222113834543833,0.03282191477602348,0.014086840005333322,0.018836879808120148
2008-01-31,0.02622300695960751,0.0304519322696378,-0.03349045649105033,-0.08099349563917478,-0.009483630023427034,-0.0010455440230944515,-0.04366047490053856,-0.04467625855077899,-0.004693261315465157,0.011471395050974333
2008-02-29,-0.027563405873311308,0.025470803733034002,-0.0016322139137604774,-0.017378781296668186,0.04986506465559208,0.00435773991770915,-0.11867960000120473,-0.11220531319965497,0.025840702453657237,-0.020032388543883263
2008-03-31,0.01978269049718128,0.04460246703214906,0.0733038225854637,0.10013711442524934,0.02271036146863172,0.035058787121309554,0.11755448892337837,0.11385637050452843,0.09077295846838807,0.0839777509999991
2008-04-30,0.021244319796540345,0.022367309448967653,0.05864780273843846,0.040997366915719896,0.006939107233650181,0.0069538650236253075,0.03096584284295813,-0.0076215408071705765,0.05645587981498769,0.016708574788620062
2008-05-31,-0.03284572473287637,0.022630659365716708,-0.011350352910099407,0.04832249023939008,-0.009642394195536684,-0.024275188871124398,-0.0767002105449279,0.005852963575592285,-0.03842886911294101,0.004697710194518624
2008-06-30,0.030663225242867735,0.04360117071553779,0.00843786362613633,-0.018513461807217215,-0.010144246945792761,0.014269470860025998,-0.06030899027518026,0.1329200135848456,-0.03570932994448432,-0.06314786746755632
2008-07-31,0.052561965337854656,0.0017031180998010112,0.011345797475027043,0.0647535523799773,0.005302344017861463,0.025816267812016062,-0.029876632304822393,-0.010219691080425218,0.07578891368184613,-0.006731281865425317
2008-08-31,-0.00041740382741778034,0.0027891264003565494,-0.048749390781123746,-0.010651330102642787,-0.012120129521864623,-0.005905896093179994,0.041944415648498976,0.0652145601595185,0.021886002270381517,-0.055665182761972964
2008-09-30,-0.04921185109605322,-0.08524097333598163,-0.13805354707239434,-0.17874554848724336,-0.03566908282601161,-0.044662526434533376,-0.09131834194890642,-0.11748139469005743,-0.18833293006776147,-0.11227647929160418
2008-10-31,-0.04741269810196841,-0.024654106958518104,-0.025095909920203115,-0.08505342288926461,-0.026868969412140644,-0.008145825246563253,-0.10845066948539972,-0.06977394559087902,-0.097953491825447,-0.0016836732871236965
2008-11-30,0.025165858843103753,0.03879434611729763,0.0072663252408824795,0.004148069019794871,0.005425440668465351,0.028769809426609796,0.048635397500759125,0.05021062525216486,0.052279835542622985,0.031375892980233785
2008-12-31,-0.0357881165262417,-0.03347011323692142,-0.02534227179730323,-0.0011675614771583312,-0.043145332747989436,-0.034123430402585475,-0.043244236617226484,-0.1667596495581997,-0.057208702719465626,-0.1811703913949635
2009-01-31,-0.03741958137499306,-0.0075099728862072015,-0.06095461802870415,-0.060488967784858266,-0.006071651175109562,-0.0020952941135151323,-0.012659246130120722,-0.031562188470984485,-0.02461148550186433,0.04305127914437559
2009-02-28,0.06315145313944605,0.09855268616077566,0.1303182951043029,0.1172989379004421,0.043319666683144825,0.02419937079505608,0.06745720193751159,0.13352258911766812,0.15926734629335978,0.15783063929510535
2009-03-31,-0.04015074315550765,0.017808841935559778,-0.04628818863350399,0.030565637429759568,0.01420958633468984,-0.012427496339025316,-0.028224750779477007,-0.05573666374957041,0.01714868935482848,-0.030500945306219926
2009-04-30,-0.012766756948968856,0.03906212218207148,0.06099102669434882,0.04920972691208319,0.010904403885918477,-0.005650711416678128,-0.06853383063399442,-0.029364668823362517,0.051072010361513265,0.024164448393808127
2009-05-31,-0.004240426023538205,0.04832442161710951,-0.033993863460396505,-0.0147620345050705,0.005952049074520939,0.026650507255021154,0.010413336039131253,0.009331839852183332,-0.021539175720012523,0.03946933535124186
2009-06-30,-0.019351517892800534,-0.0487553181009668,-0.11385041435188281,-0.16597395483328797,-0.024227810718536663,-0.03516694535807111,-0.18652964235391445,-0.18100836225434766,-0.09214787448100431,-0.11155823336663649
2009-07-31,0.01535070502970464,0.0021095930404520305,0.010919745579339004,0.022230202805399044,0.010222087913849797,0.02054212970725295,0.025170843298883368,-0.02401816278075609,-0.03480528921285861,-0.052002599966907856
2009-08-31,-0.008295764853749062,0.04096792987241291,0.03895218937390299,-0.010400959819160553,-0.01303443167819623,0.007136854708584574,-0.09019421080930368,0.00604178225813231,-0.02825274242889099,-0.000879356695627137
2009-09-30,-0.08602723988979444,-0.08218256846422689,-0.08729530704166637,-0.08536059720278526,-0.05238352342695885,-0.03875616154759888,-0.05558970402825175,-0.08905703328857953,-0.050968126997380084,-0.08259131465213715
2009-10-31,-0.018403865491914074,-0.03103037558752473,-0.04764172963853069,-0.006842378590680889,-0.008299092651304945,0.007542839564153542,-0.03745912299885502,-0.14037105643032197,-0.03779275791200689,0.024605011659429202
2009-11-30,-0.03308867638811702,-0.03322372198770654,-0.0002040561850968417,-0.09177801534178673,-0.008139698937421164,-0.016047843114022783,-0.12705607527002344,0.014199591259098705,-0.05293804375712427,-0.027477343937248492
2009-12-31,-0.007527286790321313,0.001733124305194069,-0.001029121259638709,-0.01724888876707539,-0.00387616983596158,0.02316010455619695,0.03671790384471782,0.10076097465907197,0.09753789805956736,0.02393560496758058
2010-01-31,0.0371417518998057,0.009757563337158767,0.005562364814227318,0.012271393243216555,0.0054683791211561136,0.017128969678517035,0.07544624903708474,-0.04315210049878806,-0.12438567345754478,-0.10836285163421423
2010-02-28,-0.006460691486827524,-0.002300516503649335,0.028967281576990828,0.001181642848353738,0.02505839907716826,0.017483934374852086,-0.03635139416398337,0.030969350494607337,0.05646671815703684,0.0025828626911540992
2010-03-31,-0.031433643757656705,-0.011346393970056816,0.01444051197311872,0.08078985461350227,-0.038681014051217044,-0.03148600972102482,-0.018637161457791967,-0.09186766561526796,0.033383610625034,-0.004861151583453741
2010-04-30,-0.016484959998326894,-0.021095107287877588,-0.04426915554454811,0.008146153905093295,0.0035743803498970994,-0.036590439909324424,-0.1050252824392699,-0.10100818082085716,-0.06679815799654976,-0.04713826612487669
2010-05-31,0.02713673074413106,-0.010900899253782587,0.0002611217143734454,-0.07775062243670758,0.010255487746997392,0.0036133634447449107,0.025892987274496716,-0.014689229523777374,-0.07284092837494577,0.026773830427298168
2010-06-30,-0.02839337228719145,-0.061309273274483905,-0.012417626793832189,-0.03248546506178371,-0.025980836549394308,-0.036616039991532054,-0.06767770166260131,-0.031356286167156154,0.0032374956653848253,-0.028795718412823135
2010-07-31,-0.016723795279500686,0.000839674092933596,-0.04432210795346492,-0.03221164187319623,-0.022834390079737296,-0.0060573076207145315,0.17083422729932718,-0.012255333118364756,-0.07054460106405039,-0.05384359765672811
2010-08-31,0.018213888051447837,0.03545887115407819,0.0005136706242353552,0.00011806656352858491,-0.0025770521584166117,-0.007360473354916563,-0.02154882394046135,-0.01248774248741087,-0.0332863234721433,-0.03691395430854252
2010-09-30,-0.008888391447538502,0.017928231837798302,0.06085248056189696,0.13157235465585937,0.026479153098293563,0.015866025172949685,0.11306756763459608,0.08465281086271605,0.050627267874732554,-0.10084179968837516
2010-10-31,0.009945565121180007,0.016985593017562944,0.07811820054630891,0.021580031195111496,-0.004059909957400482,-0.001237136314573414,-0.04586147805019915,0.031054269722207165,-0.04598566043388125,0.0790574311361196
2010-11-30,0.04310499354539869,-0.038475148699361486,-0.021629950056908195,-0.023752263672732338,-0.01840822365090835,-0.001374509415003551,-0.04642682058261756,0.04773681162173382,-0.00765500152648662,-0.05937710200618007
2010-12-31,0.0063161460694675965,0.012195771204766575,-0.060807260393332056,-0.06936739857695101,-0.004353559549599565,-0.015068639016786116,-0.07168159707776664,0.033102234881481354,-0.01935168585720487,-0.028382167570718427
2011-01-31,-0.05888483705526047,-0.04919825527016754,-0.03971011926911586,-0.04712416292067757,-0.013182255046501248,-0.028435891526703796,-0.031614593243659436,0.003919696728822225,-0.005345661177115877,-0.06644757678332006
2011-02-28,0.0022949086491364564,0.018413795065586366,-0.005439616698190444,0.054967320041999446,-0.032687310150123626,0.004285621104055251,-0.0649801472695954,-0.03977851434948519,-0.035117246408180126,0.0014403411374397553
2011-03-31,0.05809880192248977,0.0019854414970667117,0.13072848475703125,0.10567729821912597,0.04464728951403328,0.032952017081923926,0.10608485397410006,0.09350764062667077,0.04572719062811954,0.14799152657294873
2011-04-30,-0.07301637311767997,-0.0577516066209579,-0.0865531200999299,-0.10679994620766269,-0.04561942461669519,-0.05846479824204555,-0.1317566970249407,-0.0701480541824819,-0.18487974288845027,-0.2470183183647361
2011-05-31,-0.03711887763898099,-0.05974941728767844,-0.018555593034247427,-0.0858956942085064,-0.021960470809426355,-0.00695374709108509,-0.02923824599016329,-0.052365460655161705,-0.029741669942357052,-0.09911913348603288
2011-06-30,0.03445590143007676,0.035407893483314454,0.10690829956152173,0.05333550471437318,0.004626630758511347,0.0032038633674312065,0.059076698276799,0.06122967037145758,0.047367207418263196,0.07342406007703625
2011-07-31,0.014988229927622932,0.010766854990518882,0.06449289202558937,-0.0030089270068335214,0.021119388115222012,0.02416615203687468,0.023611600509573796,-0.018189366395894094,0.02021270550261022,0.05465350223988795
2011-08-31,0.021937360246947913,-0.019807369484589568,-0.13158207269867694,-0.07712411606194441,-0.0022474737198018534,-0.0020201698096478683,-0.02910130358465978,-0.04354055380944133,0.0517054810689921,-0.10751573648285748
2011-09-30,0.0030799552697141387,0.003713025665477449,0.00985927526970998,0.013400697329884553,-0.006816908386567872,-0.004661560455828398,-0.007215370151430652,0.04002770863243991,0.06415108460610133,-0.017996745357535825
2011-10-31,-0.01754493457976717,-0.013738318386193795,0.013360881701442737,-0.029138509233882046,0.02209417255500635,-0.005713682603600051,-0.004633089941367199,0.031935855741221895,-0.0297472907396713,-0.07176193347996754
2011-11-30,-0.013282665477553392,0.017774886740150278,0.0030762672975359028,0.046048106181697177,-0.004795371972094464,-0.005009733883685655,-0.09752021848344902,-0.01389860561606656,-0.031101128744167247,-0.04395224747233565
2011-12-31,-0.04291106273761913,-0.03652066937902478,-0.038848430874842826,-0.02368710874462443,-0.027130423777657904,-0.02790976652222498,-0.06408667480908425,-0.07528390302317567,-0.06983855980032178,-0.09358744515310358
2012-01-31,0.03790450840378419,0.03307521048186271,0.05544179985896531,0.11158094351551602,-0.003083450458957099,0.0006678256746489239,-0.09313923215166939,-0.00417502794696328,-0.012006499200844435,0.06645268633699605
2012-02-29,0.006725177206188397,0.0008472668324573975,0.02007702051459598,0.020932342035663937,0.002635643302015312,0.0213176957124427,0.04321290662783352,0.009175166624765998,0.038469542396933454,-0.03238982536962795
2012-03-31,-0.02837174792785773,-0.02798541314493285,-0.013241527897037707,0.035518883981065424,0.010590237193021504,-0.00908607622054171,0.04636778415485584,0.0473691790339459,0.05767228346926029,-0.03409907136816531
2012-04-30,-0.01968416703674386,-0.052582666979794385,-0.022141144760904494,-0.058819796645683355,-0.012935835585815736,-0.02457400717596634,-0.06875592770660321,-0.04330118514749268,-0.0954728813181361,-0.07069657186020221
2012-05-31,-0.033134989028500504,-0.04952504245160323,-0.06559326207381812,-0.03695320709054656,-0.015459847973576378,-0.002050397791062022,0.021448241823888922,0.022300341362186008,-0.07631416623113042,0.022245922785295254
2012-06-30,0.005338515690935904,0.0636607504223764,0.09567029836825496,0.12505063786958082,0.038532728321179384,0.04876532525752107,0.22798274233478483,0.09870305459986348,0.13402368065028658,0.10302101066627234
2012-07-31,-0.02872206987631768,0.014628631969588711,-0.0018588088836579697,-0.006205487477994627,-0.0019447630054381885,0.04039670253649518,0.0752756618162103,0.04204123241994933,-0.016872422963534577,-0.06319382035209259
2012-08-31,-0.006803602431193472,-0.029378763777617632,-0.06471337661341738,-0.08330772876366106,-0.006399684278983461,-0.007167606201126003,0.044444254399831094,-0.0613848322389275,-0.07335448331526839,-0.1011473409975791
2012-09-30,-0.013330349050725707,0.03281328921288179,-0.02754101346950616,-0.006249159906380266,0.006085237778503467,-0.011709059971020334,0.018266551897571044,0.0183241822644066,-0.023399435679351353,-0.08249457036042362
2012-10-31,0.011165659191390183,0.01887573739977452,0.01922525872936277,0.0331581513592509,0.03525896347814959,0.04760735338336136,-0.08648402230020177,-0.012652583598496994,-0.007584994166207684,0.046611859307219526
2012-11-30,-0.09056468893506772,-0.05442523082654527,-0.07998938760912427,-0.04001213961251093,-0.041889428627414474,-0.04743939413946141,-0.06646076745395901,-0.07337215276561326,-0.05911127306959132,-0.05611083321592316
2012-12-31,-0.038299163440269984,-0.02604597065090883,-0.06261076575724701,-0.026986757144579123,-0.026365668861968717,-0.023116125324881134,-0.027117054100551635,-0.040696568153941085,-0.024536462798509823,-0.0451729644650888
2013-01-31,-0.024389017031870543,-0.014036256257455165,-0.0009300366164014633,0.04887680954437802,-0.024093877124410107,0.0024059399416916888,-0.00929340963792281,-0.042749623609297044,-0.03303988184636073,0.040222443123020715
2013-02-28,0.009646978199113056,-0.02499953879149132,-0.011554249252043191,0.02930080480763131,-0.010913231755509243,-0.005400872597901164,0.1091559446952505,0.1280639069950102,-0.026075123241849886,0.03424089741187633
2013-03-31,-0.02974356180164955,-0.023025361001080092,-0.11268141127449058,-0.11421505468304796,-0.04059270224971594,-0.023236907840810665,0.003967366377783232,-0.028113745310627658,-0.13626810126795585,-0.17902115377432753
2013-04-30,0.029229476649743763,0.03599091854246254,0.0627211451004967,0.10568130892410471,0.04197146210792314,-0.00017680231395619805,0.1498018891491868,0.03173765181074203,0.11122214995760113,0.04543435763118911
2013-05-31,-0.0591909445787117,-0.027238363754242698,-0.053519787358968424,-0.05316871449607638,-0.03845103708840504,-0.016076557695494088,-0.09942682016427466,-0.04354894443869911,-0.0717932781530598,0.0075706160683479545
2013-06-30,0.012505164061299683,0.008978260132427342,0.005535060755069845,-0.020444836491565366,0.025897511949427594,0.010080884356352375,0.010720421494350003,0.027730284606874017,-0.07759956851111666,-0.03806965057562914
2013-07-31,0.019559715835827128,0.04635845785341115,-0.004348267492230398,-0.0063204791576760115,0.018075202531869092,0.0031924262130064805,0.056643089548426326,0.02872481791145836,-0.008814248771304448,0.026800542637789505
2013-08-31,0.012543493839538272,0.020004229919217565,-0.03219584985178457,0.01370783828996301,0.0020005336564054496,0.0029049017471904203,-0.08134650264988937,-0.0029309033051623775,-0.007693707690993236,-0.0797909885180525
2013-09-30,-0.029905104449150788,-0.03626102376516158,0.030743748550623975,0.0214854592660084,0.007640216103267363,0.012104355769100735,-0.022335622290685735,-0.03491524683032237,0.012239065074005885,-0.03168106342771843
2013-10-31,0.007219881764381755,-0.05675920583140718,-0.012785784331952866,-0.005326512943387523,0.0034793342919597486,-0.013383476694642911,-0.0009769821942426384,-0.03255533217373775,-0.03297950195725167,-0.07287815896619661
2013-11-30,0.039231185749985784,0.057672283493581306,0.044506134114887456,0.024481474954683828,0.0043894239389435045,0.02840870632163546,0.11251803092609577,0.14445237551340967,0.014449313628951958,0.0007377873772133718
2013-12-31,-0.05724189339060867,0.004868438381015524,-0.10438002402758084,-0.09211781561548964,-0.03395254164775299,-0.0356042512352132,-0.058673475172914,-0.03926524609551177,-0.0013040329967569618,-0.0859065173919581
2014-01-31,0.02660088607870816,0.0444446055064705,0.0725302825591412,0.04614795358903113,-0.005228740454602528,0.036361608173338306,0.018080488239874605,0.03480520439746831,0.04742115861549197,-0.03757636811950622
2014-02-28,-0.01511654931454858,-0.009237129331155579,-0.02235210021345454,0.018882454426129423,-0.009802562899980506,0.0009947412188303518,-0.07614184189797517,0.04928058572707077,-0.008676220341424509,0.048492405141642714
2014-03-31,0.02496895260643931,0.03610069554269499,0.04262461160949513,-0.030623644303827947,0.026388157725852547,0.03641012125712344,0.049605608229157855,-0.0035549577776514997,0.07847165439244577,0.011999139641250177
2014-04-30,-0.022139938945600134,-0.021472430380058655,-0.012275097303721927,-0.05274019760130319,-0.0052418137907102634,-0.01127009997112055,-0.061143322667877024,-0.14493145893746692,-0.10820867126920682,-0.05236829739699531
2014-05-31,0.017546553400603116,0.035406527119141516,0.04885350735026958,0.07613836048036965,0.004441361833085576,0.036961343822188644,0.06251874195989975,0.058534134477522315,0.009271919116826982,0.04836091959065272
2014-06-30,0.027963754853068033,-0.0054989567201391195,-0.031216711409274657,0.05186577978782057,0.038634927017359634,0.01682683407554766,0.010726878713223496,-0.015821576696363873,0.08727815606385711,0.08891277579176485
2014-07-31,-0.04412723020144527,-0.0712197026799954,-0.07630718467292393,-0.0808276523716159,-0.020354788495518496,-0.022755241076186997,-0.07529299821003546,-0.03693819594584202,-0.07704443692000419,-0.039102155765052236
2014-08-31,0.06921953837818365,0.03686864586823428,-0.0014920520460439748,0.019041589676475127,0.030727359198705975,0.03202367617807151,0.15811871481361045,0.018258584219080283,0.14488692238388756,0.10593419484985664
2014-09-30,-0.007573100709280861,-0.029984763194496784,-0.07650648806569674,-0.08870424314941516,-0.03604615794820522,-0.027160376458012364,-0.08285646419390938,-0.08491840713185891,-0.05595537384670054,-0.055039431023838646
2014-10-31,-0.04494379779640052,-0.03095390896518701,-0.023363250768134183,-0.07244272302964454,-0.022853309917893607,-0.017293581749619064,-0.028004091565172105,0.007050407422971999,-0.11159956625723737,-0.04484774342055205
2014-11-30,0.018242389509075696,0.0033910715951965473,0.07885913800784497,0.09161271708325162,0.030573316543485628,0.037570972720433124,0.09009303330352678,0.042259860224926254,0.008739940020285365,0.008203578729524215
2014-12-31,0.03225201980244994,0.051647707371073354,0.09756533161958039,0.09591626570784526,0.03627594872332633,0.0358039839481606,0.12283734618115799,0.08480472812368067,-0.010501149505004276,0.015890601547255134
2015-01-31,0.028193534296791334,0.051057638741791755,0.09537118373009537,0.030706534216559788,0.019727953417737257,0.04461120365645721,0.08029907283326637,0.0012060325856765447,0.11346731612216485,0.06649844490832989
2015-02-28,-0.024813119725931886,-0.021688353211397896,-0.06406798729906829,-0.025629335978939464,-0.01775227158008003,-0.033789621956850605,0.0906150323543681,0.07768848129901865,-0.04192057487133404,-0.06633504017215905
2015-03-31,-0.02992600868529691,-0.01054991679278917,-0.08420460013550139,-0.05418287062200064,-0.039970251979090876,-0.013425843662625381,-0.005904356505966893,-0.036992107715150616,-0.056229961959496644,-0.04167150807453143
2015-04-30,-0.03432577576887951,-0.042537679345245015,-0.03610068803854343,-0.07398710964238189,-0.015111923357738812,-0.011726741787198817,0.015133320522411134,0.04153762617603071,-0.038244257464022484,-0.06782303373371969
2015-05-31,-0.01565870564299804,-0.0208895761873646,0.0038708511963984372,-0.011634459468538165,0.012647955481129663,0.006434241620968279,0.030200607632632548,0.10619873095619334,-0.0007498414051552819,0.013920514748112817
2015-06-30,-0.039267447586042614,-0.040105202218681774,-0.08467630437524792,-0.04207640119411048,-0.017848175593808174,-0.03154778005756981,-0.05306167309708479,-0.04727228718140077,-0.08565129649796753,0.04659243047882274
2015-07-31,-0.011419878034270345,-0.016056108651927185,0.0332776092712521,-0.01734050091177003,-0.008229662354696023,-0.004661686092475817,0.061806567434880604,0.03209282076452227,-0.0011225746185966443,0.03640140829412907
2015-08-31,-0.009932830028615478,-0.024629504330911017,-0.0030095742559147834,0.007196019110726877,-0.008045700355297902,-0.00935860496838985,0.11988809080888954,0.012623084824219439,0.052821034042183385,-0.05053547361651138
2015-09-30,-0.011270697108111245,0.00041109196351517795,0.04558338835434549,0.024571274905235065,-0.009565389223077599,-0.008216036852138606,-0.04587284984087936,0.08776967784397734,-0.03624648797831627,-0.007272364731642195
2015-10-31,0.005479785277066555,-0.016577989051421275,-0.052954885063615176,-0.04615914456981901,-0.006945077882950587,-0.006702427062591904,-0.11424694771727659,-0.03478038636657202,-0.05822608381167315,-0.06578625143847436
2015-11-30,-0.048307880679827504,0.009357075066139958,-0.04114390918085882,-0.021842776507310646,-0.040589985595217745,-0.02727218696336122,-0.15153134046658373,-0.14583893491768543,-0.05731245345335085,-0.10605520270963495
2015-12-31,0.05725365078705495,0.057059571831788475,0.07184669117053755,0.05866735910888132,0.02877782064022177,0.025184662480525404,0.018346748083248057,0.08955704271875199,0.08701134179974626,0.06372162255693287
2016-01-31,0.025779689044419275,-0.01579281476640526,0.04804388705099101,0.030849015317864464,0.0073844318709290185,0.006939807643499139,0.039238011252848974,0.02148794671502461,0.04109113520382403,0.01993260647160588
2016-02-29,0.03837771385848055,0.05968502214637052,0.043390761097750655,0.05290719567282897,0.005409885185744846,0.012919859722944531,-0.039557192717928694,0.012516546966066109,0.06560097978099082,0.06915742493118474
2016-03-31,-0.0019676792421912965,-0.005505696973412335,0.036750498839694515,0.0006586041982748828,-0.020720212515914667,-0.017496752737107765,0.0455480471155338,-0.023034245144824703,0.053166277703453974,0.09409067930809176
2016-04-30,-0.02764545919715416,-0.03337794941136884,0.02589276636262088,-0.008221253313206866,-0.011318830112413794,0.00858706437682092,-0.022957216998204136,-0.14522102766645287,-0.028453153937044597,-0.011223994442472346
2016-05-31,-0.032250469753316226,-0.024013500230245736,-0.06413521334352637,-0.037219590263344135,0.0029836114939620845,-0.01284384911870908,0.11695208948718999,0.13871156047639482,-0.09102444021577394,-0.02263414081127659
2016-06-30,-0.03538647782675125,-0.042814274682852316,-0.03355294433660548,-0.002704571600888876,-0.049605872704725135,-0.03232394108527082,-0.008211443644139345,0.0034874297098370435,-0.024455953896456054,-0.02029177502639748
2016-07-31,0.051451803185096026,0.01067240576730576,-0.005547832635611361,0.03295502061219571,0.011899856649166,0.007203108422937273,0.002544343551430358,-0.026313920319811404,0.009007645704746776,0.06101738020229371
2016-08-31,-0.011220078537608218,-0.011903437883421419,0.011403882158909789,-0.006649075050708077,-0.015664367336069775,0.01053084679152095,-0.030130281569236313,-0.03234507886568454,-0.0196173936850416,0.01536200749351695
2016-09-30,0.05229824036572829,0.04059777927146471,0.022509472475724795,-0.05953726696095204,0.006167468915333757,-0.006859535035242383,-0.09292904323962949,-0.04597877717561697,-0.04409875747456787,-0.029839510290220632
2016-10-31,-0.0005909930636577507,-0.005717331842545078,-0.036369497516620726,-0.05453166074014043,-0.019255950936435832,-0.047475230421401164,-0.10165060911576623,-0.10188109010158194,-0.07425532875740953,-0.1502195230187268
2016-11-30,0.004076070612402269,0.015437098058591104,-0.09072732564324434,0.0376878401699956,0.016552634973661638,0.042382942947613,0.10728165146566546,0.09037301129779082,-0.05457448298166824,0.06753266870184499
2016-12-31,-0.014785651229082018,-0.011886660854080003,-0.05849209627931853,-0.042469088902277685,0.003108570589703212,-0.006495759535541349,-0.015713405549435313,-0.024758345721410942,-0.044668377325040795,-0.038539479890131456
2017-01-31,-0.0029162486332345236,0.003911968577814364,-0.018621320304120965,-0.053296572580935744,-0.015869484605960243,-0.009475187258445915,-0.09210214501512523,-0.052755825007662176,-0.04685256039870679,-0.024163035536830996
2017-02-28,0.017529944723380056,0.005126602279448023,-0.06435211426215592,-0.09646546327254556,-0.036443166969111436,-0.04973021232556861,-0.13310079796386315,-0.1571963236369157,-0.012533990060244436,-0.018405819910222304
2017-03-31,0.0105266791864454,0.039806621929496196,0.021997473800106308,0.019546735185213077,-0.006666336229153997,0.026531219649118087,0.026589329943368784,0.051530132462188065,0.07374167952672361,0.07068278870100198
2017-04-30,0.034724574261927044,0.06986456465002873,0.11292185619496943,0.11244570706030335,0.03759453991728099,0.008856801571597326,0.020361146759248536,0.0062838576022093,0.09904521199991687,0.11310550431992243
2017-05-31,-0.005853473300968733,0.020128100861869214,-0.07329940535280266,-0.05523067533873091,0.005740461306057331,0.017826156025906197,-0.051098088428357426,-0.02784477028308247,-0.0935739479959936,-0.09759019102219037
2017-06-30,0.07588143071268422,0.08956926487972253,0.03293312371541188,0.0995826094426808,0.026869432238445262,-0.0073017332123110415,0.011256744273012292,0.09333807323735767,0.0627675015160972,0.042121464964474206
2017-07-31,-0.020724919407516876,-0.017064786339820552,0.03069710033290041,0.052975006560413374,0.03968743269877417,0.0043899646770033645,-0.031069839300745267,0.06456312439179135,0.029248426078750226,-0.031995257041507665
2017-08-31,-0.007978351122261276,0.0030420470873706315,-0.034031492496884495,0.025193350528232256,0.011121611546940533,0.02066210188809079,0.01695633210295737,-0.045951631127621434,0.028426907460356726,0.09538504215298302
2017-09-30,0.009833650012030947,0.010126877417808657,-0.004958582854454115,-0.006035656655719842,0.021430360844436287,0.022804092720859655,0.08155266954015845,0.090657224380993,0.012084195731259094,0.04997382293059166
2017-10-31,-0.013079846187645072,-0.04505627884619057,0.029901023311600952,-0.08440796146546584,-0.04322738118492133,-0.00528182972719218,-0.06304429691001476,-0.12631953478823216,-0.15706618035950615,-0.09189990066996223
2017-11-30,0.010837903027995525,-0.03625108492908444,-0.04574572702330392,-0.06689994604803817,-0.037374883921256465,-0.009251300991603975,-0.02857843354292576,0.006584503081628924,0.03404065406510531,-0.03807537042453761
2017-12-31,-0.012317875514683024,-0.03420519010111671,-0.08757913411006563,-0.06357775346603305,-0.015346769813966502,-0.021654793876502834,-0.08047308941212719,-0.06810547093055999,-0.10267888135796341,-0.11445629605939778
2018-01-31,-0.04428833590270148,-0.08557144738013385,-0.0734821351614989,-0.0683263908765798,-0.02898526816838057,-0.014599990939680185,-0.09317968925834327,-0.06696239346561204,0.006064430025903865,-0.042779503442536886
2018-02-28,0.013591483294270752,-0.01689560409789981,0.019163125878722567,0.02492702790664174,-0.013491188931057232,-0.012571346276295546,-0.008999637346049277,0.0012269829549571704,0.015701351273864704,0.011719282591239596
2018-03-31,0.025883092323490845,0.026338735419853744,0.03565577046756527,0.038450543361996575,0.017736096717695188,0.026987745563737814,0.07473239977203583,-0.03256584256500912,0.023979106455963038,0.020315668381647094
2018-04-30,-0.0032395385516851612,-0.037364031969197936,-0.03725771400325649,-0.07149993534094658,-0.012357589477128728,-0.0006697219637998679,0.02228600065129503,0.02995389173070183,-0.08234515313866804,-0.013253782049189996
2018-05-31,0.03994419488269732,-0.005567195482123016,0.09440383281041081,0.12483535848637983,-0.00924461015492124,-0.005299877141965313,0.094196738804517,0.13059449248406746,0.01921299366011953,0.04540190676822857
2018-06-30,-0.0855062289181921,0.008414525107926014,0.014603279609725787,-0.06819846365004809,-0.015865964169756025,-0.01727567357562083,0.009114173889580926,-0.03156791603999975,-0.052738600399468274,-0.004949196593095381
2018-07-31,0.04517824105569243,0.04085363966315529,0.1311793432430373,0.15074259903419523,0.06303239170493896,0.05106859796238232,0.06151583396117454,0.05591704626664752,0.05069935752345302,0.08862220688494388
2018-08-31,0.033879681489595914,0.04110627109732411,0.100499758522715,0.06577330376416383,0.048163792231967144,0.03091473122014974,0.03953321941563773,0.046392135924578845,0.07946147459375376,0.08633355981231863
2018-09-30,0.018725456719162592,0.030455970450423142,0.025055916880843104,0.09665084955949838,0.022733426598489447,0.012621603319304134,-0.005784735196533573,-0.0719205982416999,0.1312805375980059,0.11364183594099111
2018-10-31,0.011045958216732663,0.02605521067864429,0.04268530141695791,0.0729255257336975,0.013094381029033507,0.016043090512351112,0.06360684824255482,0.08620590056878763,0.006113922011402609,0.06251717629251703
2018-11-30,0.012645530923558981,-0.042021489902182116,-0.09849057953420953,-0.08211691725888379,-0.014024552804899653,-0.008623769625116044,-0.02230585879197966,-0.07749910288523768,0.005825576788313105,-0.030312869223217406
2018-12-31,-0.0004654392669658854,0.018374889886408334,0.054771711440473644,0.029260123810357225,0.004473039679816358,0.009603054525324447,0.006162155365462302,0.0018201955701540873,0.0423436563034925,0.005030211756629474
2019-01-31,-0.0017514513652227594,-0.016167187762497114,-0.029792427912319046,-0.08532087491986137,-0.039412646397464904,-0.02787434244119907,-0.004427547796530998,0.003483059079885404,-0.053630840746497946,-0.10160493436220962
2019-02-28,-0.013587703049355885,-0.01153285280874605,-0.022037157438280185,-0.027703568240393883,-0.017681982644272988,0.002677883815283619,0.053617431176363986,0.045116281450299694,-0.054683524020168364,0.0005934276554944483
2019-03-31,-0.03456042222466713,-0.021352921004386828,-0.05330656881010155,-0.08433606615079142,0.004071895692208484,-0.030060583108043284,-0.11690518695538096,-0.08610496786996208,-0.06647594582887749,-0.06796518929601836
2019-04-30,0.002539577280649412,-0.002464506886412475,0.01811461258286358,-0.01051430373942076,-0.016085986588087985,-0.010509625889495009,-0.06846433895969008,0.0015812598679777398,-0.010952460066311367,-0.0010620041042329748
2019-05-31,-0.02427799891205009,-0.011309455658059638,0.0007505534830492613,-0.06643507445327845,-0.03203178074680339,-0.0077935424695996965,-0.026400337065443848,-0.05039357126045049,-0.05044700571710251,-0.12135425660315721
2019-06-30,0.025026489530699792,0.012793128489348129,-0.03133560093319813,-0.012008307993847788,0.025954661146960364,0.01956238093176581,0.012593567663891757,0.07389404727076207,-0.01847052519735686,-0.024682973576819908
2019-07-31,-0.02377649682238029,-0.05330063826175288,0.008832846784557626,-0.0639128930087672,0.021589734039472133,0.006569234612293906,-0.02836798937026949,-0.07924885392508602,-0.044034830097348335,-0.04491549410020662
2019-08-31,0.0004909043339324862,-0.05005446888072468,-0.0444060525712541,-0.06551328068026105,-0.017249777422958506,-0.017908012138040524,0.0807723550606685,-0.08198765429403929,0.04081933841750533,-0.06982357969356795
2019-09-30,0.00936561727684114,0.047193997146107135,0.0855582989421565,0.06681152691815118,0.018450590695183226,0.020725838654882908,0.08165674214984148,0.0749215790839579,-0.028785960301369568,0.008115443342456896
2019-10-31,0.018321628260096437,0.029749118533288724,0.11809670944554024,0.07006208322999591,0.03655879897253019,0.029577021255288338,-0.02290549495913395,0.030458175310176007,0.02983196236170916,0.07947812552595532
2019-11-30,0.045218582559806236,0.05049287052969967,0.10899760863904273,0.14990048068030848,0.049236558406214465,0.043831750616411064,0.06728183971182349,0.10440948801887955,0.1475891297501553,0.06388800529814745
2019-12-31,-0.03072845955227345,-0.01480027489245932,-0.04232785613064573,-0.10210941468659776,-0.010486087713720244,-0.01846920820146381,-0.0007622498457704463,0.05037763930788533,-0.06100780781076646,-0.09269109193947893
2020-01-31,-0.014892031785252797,-0.0385049221872236,0.027633876005527958,0.0006100467373218073,0.00598634671235338,0.0031156104265890423,0.049812827594306455,-0.04519573570911398,0.036035467877424995,0.06926728018247694
2020-02-29,-0.05581258975691576,0.005318722573774017,-0.0349482862473567,0.0824904213372572,-0.022361945524323384,-0.006585124425675354,-0.022555656562362348,-0.035503187828857696,-0.02899238741794285,-0.0360366297133161
2020-03-31,-0.022366423405554413,0.037833046630053255,-0.02542079047016425,0.006083557895622052,0.0007943510551022496,0.009787853077876392,0.08371411194596329,0.08333596944149774,0.051806477908169696,0.04921484056021333
2020-04-30,0.036172684162646754,0.05337623893385949,0.07306369578079586,0.04025957716437495,0.03517289577743357,0.006978966956055793,0.014913125622133226,0.028765129436574575,0.04784488295107472,0.06219628489538545
2020-05-31,-0.045847440181348835,-0.015213192231648753,-0.03536135465417143,-0.021591824666773236,0.0045982348704674955,-0.008408866984091367,-0.06471832304511552,-0.041171561529532885,0.0893235120083441,-0.00029748746279729087
2020-06-30,-0.016676724982947894,-0.005944361736389511,-0.019729386327256446,-0.10238858730660157,-0.015494052867831874,-0.03199976816209461,-0.04967282985195749,-0.026972518399285682,-0.016565908936620508,-0.0023855117382261676
2020-07-31,0.020040761856143566,-0.010598855303880144,0.014418644319967904,0.005542885395114473,-0.028231466816198085,-0.02174359077765944,0.009844773882221394,0.09373981122548858,0.03450848535808517,0.01881990931321914
2020-08-31,-0.0040724992684041846,-0.03476327747592785,-0.03400126472352452,-0.1292905477563183,-0.007002447623707008,-0.027791493734036447,0.045447168411144295,-0.05815430068929982,-0.003985131263600707,-0.05758988426634179
2020-09-30,-0.005759190041863169,-0.016784944553971802,-0.028994775624812903,-0.012462740019661172,-0.004844831960988481,-0.01825273392660644,0.02100339618790222,-0.1155952289967164,-0.035882694914926544,-0.07807985115597701
2020-10-31,0.015925749915559225,-0.0062432603154979616,0.059492331286036794,0.03489045810456247,-0.003910876300722922,0.011103319257282194,0.009457954808193551,-0.15682406426482415,0.06917077989734724,0.04103390897581642
2020-11-30,0.03069141732996909,0.04904408177500716,-0.010045377870899375,0.06674708414802039,-0.011563587539224917,0.0004645653650849871,0.048916740285869946,0.08943140709819292,-0.017205973497888088,-0.07704164995547702
2020-12-31,-0.002471129172207983,0.04591733453872639,0.1252937190442407,0.09866489637102376,0.00937689848096002,0.03711130440863293,0.10167299375058418,0.21918704903641506,0.10832434349736059,-0.04902580732534434
2021-01-31,-0.026867303133343536,-0.02975726630907082,-0.022045055356156588,-0.0678704700261753,0.006719304193567286,-0.04124977270418586,-0.045576065155316835,-0.04781927088874343,0.02513947913062021,0.024528501045445846
2021-02-28,0.059918445612015536,0.02198975667839348,0.0994273548239265,0.09385574571152279,6.102424799529077e-05,0.06393819121704364,0.03983593509825752,0.031171482895590054,0.1692443870490553,0.181805817867012
2021-03-31,0.012635925509118138,-0.036240298586358535,-0.047291181105087184,0.047812804204735805,0.00039599101670712705,0.01695663356501726,0.07455191895945718,0.047135005425417424,-0.02146269111023914,0.008128091198758345
2021-04-30,-0.03855978601905521,-0.033009624192430975,-0.08489427185027137,-0.04391483426052587,-0.006525782411735919,-0.021731283109410096,-0.04568611267816887,0.0047368875573347985,-0.034766452209257205,-0.05801252269872631
2021-05-31,-0.027507777068458243,-0.024483938356049735,0.025875004966656293,-0.010621371106454794,0.018431757766305724,0.00958057538856306,-0.0648017377454039,0.050059297622242045,0.06196502247181516,0.06463522974502275
2021-06-30,0.043463384947474024,0.012366005257907334,0.10826833241024578,0.0488040442464094,0.022744191660497903,0.030357405870567095,0.02139179506080856,0.09489052202959847,0.008204793221555338,0.029140249289919564
2021-07-31,-0.02925690267029084,-0.004994279102969822,0.022031736251081745,0.03385282679957859,-0.009999594702014752,0.011742862722970754,-0.0261772702728251,-0.0694449401185328,0.04265359820579766,0.005111424022737801
2021-08-31,0.010030539377794127,0.010610072856195828,0.06817700943214669,0.06283072422827995,0.04613853539675993,0.0465494901490319,0.08813349417037092,0.01707456010320319,0.051378757701824235,0.09100651218166236
2021-09-30,0.04406211375500917,0.05913717546101799,0.06394209006847835,0.05923630749159717,0.022463901159856053,0.020787332869242593,0.12909651773440783,0.1163095486105867,0.16226643287705284,0.10915071564701552
2021-10-31,-0.061214311722820686,-0.04381404650855939,-0.008045002219112616,0.012927090073058062,-0.0043212804130573915,-0.016848642131966456,-0.059812373805110175,0.03514411415045934,-0.006630609037992144,0.0041700124093162864
2021-11-30,0.005128994240233749,0.007766533300295056,0.0025630906030411696,0.031002474026508145,0.013394381565386729,-0.012662718712260008,-0.03620708191579802,0.059170982336891914,0.02643170271569352,0.04617428702486327
2021-12-31,0.021636309660614552,0.0036709001685211948,-0.0031778840340877645,0.012589178425280095,-0.01707277249130784,-0.025788771921966845,0.000891887932366716,-0.02214210325335709,0.03311416464668409,0.022902422963402856
2022-01-31,0.029293164367892584,0.07662020699333191,0.08536804091178674,0.13346743257469423,0.07947342147320005,0.04302375412811915,0.16065695845992842,0.003116682688873787,0.0325847483264194,0.08874535717521334
2022-02-28,0.04453173017370228,0.04679159923184298,0.10486389879554894,0.10417505532552532,0.029004535097631987,0.02048165585690289,-0.006981947140574117,-0.029226607469720604,0.07274496674043057,0.1059988558169257
2022-03-31,-0.0031381722302292435,-0.04019822288399573,-0.03294077480319697,-0.049237607924348434,-0.01246444655184013,-0.040843602169224516,0.0733266933445838,0.06239718411615466,-0.07503964762090543,-0.010966060923626704
2022-04-30,0.05161198016656125,0.03802536511995509,0.012017677103486606,0.0426246546164675,0.011136632773778084,0.037421866734825546,0.1447379516286667,0.03544332917951867,0.10280738124495253,0.09459594988127316
2022-05-31,0.03226564308952404,-0.0008611849079110459,0.04479978140430432,0.029548834323340812,-0.007207098163808346,-0.005741627118731342,0.004147268055579563,-0.04229065666467395,0.037394535778636856,0.01845105576613858
2022-06-30,0.007781561198532527,0.0006651327508076519,0.02559377836123025,0.0012074360315533564,-0.009496586709683284,0.0072755504120037475,-0.0806692594393712,-0.029287950245370908,-0.005846026021983686,-0.00648341674143799
2022-07-31,-0.026939409070628847,0.014033341175964354,0.02247007838986535,0.03776640555732641,0.011574941420492965,0.03375248367839067,0.02122527607870224,-0.06959312494999884,-0.004681394216297152,0.09844510809197533
2022-08-31,-0.000885945525411545,0.017051462571707483,-0.0035600727144108084,-0.008715751264198098,0.024474472761328143,-0.006118607906732441,0.00021459116608502082,-0.006744790528072423,-0.02309040833976132,0.052244986130400836
2022-09-30,0.007091225392841967,0.004696641313552431,0.012798709097987294,0.0011849404185974959,0.027746994970492204,0.018084638536697763,0.03516535711065297,0.04227147458539923,0.07645027136150095,0.07653855931540716
2022-10-31,0.013168064753786955,0.0058989852803579745,-0.02865314867850617,0.02215981145163055,-0.005350797760191827,0.021980906819171246,-0.026786406708841477,-0.00706342909895755,-0.08256065847101367,-0.1313935537643966
2022-11-30,-0.031056604297232733,-0.03574552978697351,-0.08248639573891359,-0.05850814107520284,-0.014000087435168403,-0.03973486847535888,-0.008717850304562333,-0.10440283519530107,-0.057228094729093196,-0.08398060979121148
2022-12-31,-0.014603241871664223,-0.031233911101910282,-0.08745083255852668,-0.06428464444686204,0.0004950215725615936,0.0022169856006795754,0.013724091084477499,0.1176145911866898,0.021318810457748666,0.0317270579783776
2023-01-31,-0.021669136976149507,-0.016884149938673862,-0.01577655084020791,-0.047237279306023276,0.013804190964123293,-0.0018776821851414884,-0.02354027384584373,-0.08447680875332501,0.029622614978836823,0.030006528743210283
2023-02-28,-0.03129131710097666,-0.04474626752048401,-0.038906910595604235,-0.008582397687906543,-0.016686512845123083,-0.004647233505177886,-0.034753629557816024,-0.027752378914519926,-0.024909999739914042,0.0015573543528527752
2023-03-31,-0.02034122944850154,-0.017567704453761136,0.09227369210162692,0.07351323646492726,0.0027291352861224076,0.03785413572370958,0.0811125005157953,0.12247363533410177,0.0424732273256532,0.08336290936345704
2023-04-30,-0.01827174914534621,-0.028632455876540758,-0.03324517416483131,-0.022518088500752355,-0.006880895451170645,0.02143922368837755,-0.04139987507560609,0.050858467456557165,0.021556713433885606,0.021943918040378887
2023-05-31,0.03258687920153283,0.026616766699319887,0.025742039657841827,-0.0007535008706640103,0.013585675516878419,0.004395993145385613,0.035671719251130614,0.003951720760680337,0.007963323840114521,0.008240231488432401
2023-06-30,-0.0005649115881055872,0.007087433269665731,-0.011655210998106721,0.033253935508442106,-0.011562160834599862,-0.004795509900131991,0.007485630028220322,-0.10065321919126853,0.03438493895426284,0.06167646343955667
2023-07-31,-0.07068019852614779,-0.07640959350671823,-0.10976864385531858,-0.09991177392813352,-0.02091877883283327,-0.06759878530390595,-0.14130578122036733,-0.05990126721847738,-0.051145930379422465,-0.03160314934151168
2023-08-31,-0.005633825017320231,0.009573058116936773,-0.011557118152830458,-0.019104572291101296,0.0008769685893390427,0.0018228487021310883,-0.03703351876270822,-0.04230252289582649,0.015650044692112935,-0.0046362198725974045
2023-09-30,-0.00865844657291366,-0.013739860988676671,-0.030507700641179063,-0.12776534338292267,0.013548337344525766,-0.005844902501289153,-0.15907528992153552,-0.10558075719959446,-0.04667584353844664,-0.06644299847152318
2023-10-31,0.07856925147172582,0.011149988770398193,0.01680706686930106,0.06579622393653997,0.015869463829410867,0.03316958897150049,0.07285212741737337,0.05772220869634248,0.11865655387545601,0.14782235229490534
2023-11-30,0.0035086344154087266,0.017438961144563205,0.021010729988171176,0.014044385777539149,0.00026884248737901826,0.0022761249649876506,-0.024886857767907472,0.0256640849154862,0.0004616192081021587,-0.0037606633392877654
2023-12-31,-0.02211497146088746,-0.026411718506539433,0.008574881268387471,-0.04945233150487352,0.01927199603298086,0.016177801448975286,-0.0024767607076865844,-0.01363657823389282,-0.017064457042766507,-0.07686818740803006
2024-01-31,0.0364528470499831,0.02817016478749631,0.09994949213586503,0.07178194496098918,0.04878814733873271,0.03464510668170845,0.06253133792627674,0.05108233170488599,0.09000368714717684,0.05453367362288662
2024-02-29,0.0031755201505205277,0.04521743857877221,0.006412962899315901,0.04281311958441769,0.025333941873592277,-0.00046584602003238093,-0.007194065001470653,0.013586846136871684,-0.0013979194775563444,0.04481729305388557
2024-03-31,0.030846481012189213,-0.0016719362333290546,-0.019261399980185844,-0.013701244856969271,0.0128630568170887,0.01241635758964715,-0.04759938012778618,0.021040514115918833,0.02954365958930307,-0.10823594420224172
2024-04-30,-0.01939911407755659,-0.050309525737769,-0.030682731477908315,-0.11346159039853362,-0.035453802343444925,-0.014184656239500578,-0.06495712167377395,-0.08293215998788787,-0.08577721794325878,-0.06453126679132001
2024-05-31,0.026614704885529243,0.03337984550032956,-0.0037955836090801925,0.04085349996546121,0.011923749303685859,-0.016869423686509392,0.018464373896409203,-0.02575456810918946,-0.035555873733087155,0.048108707403582834
2024-06-30,0.05237306316144717,0.06412069941472491,0.17405315327684368,0.10270151283729477,0.0370752546880871,0.04212715062404704,0.09467371793201909,0.1864243906391258,0.15775835565370336,0.17648161816439362
2024-07-31,0.04378839174725556,0.05492295446085076,0.05010190622714768,0.045528473413957014,0.008184524288689158,0.014913812896175301,-0.02793006352328785,0.08716529979209221,0.026504499040339455,0.029971666374055114
2024-08-31,-0.03088522061498495,-0.020562065636128342,-0.06470166010174315,-0.04773029872736223,-0.033249828765435196,-0.03629623994186156,-0.017400037326419926,-0.033838441486057476,-0.06816308597374011,0.045783002623552324
2024-09-30,-0.018293658240296003,-0.002191391527975199,-0.04100719113103339,-0.006975585842779624,-0.0018369978061104875,-0.00669377259284947,0.0532849585588398,-0.07835633996320446,-0.01303223764503483,-0.05031793995455526
2024-10-31,-0.010052905455542962,-0.02973444128985763,0.07335515198852265,0.018984414011622028,-0.029767420143739176,-0.0055920937369529355,0.09559041847129393,0.09241428256100374,-0.03510920129360636,-0.07095354311951604
2024-11-30,0.003673458950401068,-0.008094615153839068,0.012232312864825113,-0.021252639493261973,-0.015273441560821546,-0.028954309294223202,-0.016757583277457584,-0.04209360491674653,0.02227139120778482,0.05772966696618691
2024-12-31,-0.015617960480372915,0.013150637166231877,-0.018962213000380614,-0.060914153351531136,0.0076901459045815804,0.009173916521720858,-0.00685875774307973,-0.011248209672715996,-0.06600081036627581,-0.02238560338483824
2025-01-31,-0.01755821445890981,0.007001721410768439,0.005248078160718747,0.0415693470218453,0.026728136185694844,0.007067335806758364,-0.004001052774069119,-0.0112086340136099,-0.07157083389718003,0.06026653063335748
2025-02-28,0.03503698184371156,-0.026923369964849075,-0.010255132479743374,-0.050800686196905934,-0.03183827099059767,-0.026278652232244966,0.045140718577196606,-0.0371781104078312,0.025589393713807418,-0.07955706973377888
2025-03-31,0.009131140593829891,0.023414482983254332,-0.030223996782804866,0.03734953497854831,0.04532975843449917,0.033462653967796144,0.0023362154843963034,0.0004558063693625575,0.001975499717488345,0.02047798117813064
2025-04-30,0.005649568491857675,-0.008748826757496872,-0.0200764511415274,-0.12716206309865064,-0.005422967866710612,-0.003392743717397789,-0.09278704556513637,-0.06891115974111876,-0.059568470825893574,0.04890938962240095
2025-05-31,-0.033039748229239226,-0.001441241023458873,0.010552828458897472,0.04786196380541177,-0.03601452988862992,-0.0004960390040310778,0.015538579793471327,-0.020586348307598548,-0.016138009444740586,0.07724472825659554
2025-06-30,-0.029483717554140833,0.009085727152430279,0.02154293283088985,0.07148835476232604,0.01938254150777372,0.013979111485096583,-0.002110681639444962,0.031334589979800834,-0.003134853736261385,0.008146229509926243
2025-07-31,0.016093498114461594,0.049979182806584053,0.13870512727364,0.1627232695397436,0.02241064458492112,0.006208365324071409,0.06912558425308185,0.09460973264594318,0.059309226892315825,0.06539564135227294
2025-08-31,0.014507906059403048,0.004706262791330679,-0.03250095899659286,-0.03901725054839193,-0.002475646043906512,0.004426328458154204,0.03445303929808463,-0.010662663995654402,0.024021970154945615,0.03908517173698111
2025-09-30,0.040402038361137024,0.007312546072582176,0.02567355421988874,0.018924423124728182,0.0016561086406641301,0.004118259497523168,0.01464740565384047,0.04412244475730791,0.04609180817836118,-0.015800111814909354
2025-10-31,-0.02153298257020536,-0.03443296472550932,0.03831813365462034,0.008483478955126626,0.00047932849111003567,-0.018025835295773795,-0.11377856096852117,-0.03881776988449436,-0.08848337009537185,-0.03705803296330217
2025-11-30,-0.03299522056183043,-0.0754545319075787,-0.11085286009075136,-0.1325069472053997,-0.038129592264300724,-0.018437009956647835,-0.05744252804085181,-0.12536230256290587,-0.11730776284745642,-0.1377001690655569
2025-12-31,-0.028710288874612945,-0.041643926932578186,-0.014271157182851699,-0.0379609637083778,-0.03188199692544583,-0.013078667679193162,-0.04078838725511581,-0.059936821400879525,-0.046001253763668204,0.026041124677684983
2026-01-31,-0.03231235207887913,-0.054136460033671244,-0.043133050787662275,-0.03448777901568525,-0.0272302163730654,-0.018599879880378985,-0.00662016551288775,-0.1255583392393414,0.025299787224282763,0.015428051660528186
2026-02-28,0.06165788846060527,0.04278903889627789,0.15161686911581126,0.14953988070306284,0.044950913483505134,0.050840902829750026,0.0466289863369034,0.03876712642548981,0.11132646242089282,0.15488755412672617
2026-03-31,0.015326878092706619,0.013247875031499039,0.03137671557318491,-0.00016484727165231444,0.003273144152044782,-0.007231767280042819,-0.015410758847476183,0.0015288252055717707,0.06422763127990407,0.06189389598916334
2026-04-30,0.013425374560748486,0.0008461423955854197,0.07040715950916082,0.04472541053327789,0.02337276990225614,0.00673801128021846,0.08756558472242482,-0.056623213818611476,0.08549663170592514,0.046136986505509084
2026-05-31,-0.03637049418754515,-6.862177367811945e-05,-0.09708916253197863,-0.0072279843949634714,-0.009150009216958205,-0.0070750010937570725,-0.026589858082943944,-0.0801889764606015,-0.055320837209109755,-0.03300957157075718
2026-06-30,0.029484811932494234,0.010090753320707309,0.04613225029693038,-0.005587038119277523,-0.021065068661525587,-0.0038988368009402734,-0.047838987983503514,-0.012678176366921472,0.03612258563360753,0.05881596209970723
